datum;titel_off_d;titel_off_f;stichwort
12.09.1848;Totalrevision vom 12. September 1848;Révision totale du 12 septembre 1848;.
14.01.1866;Festsetzung von Mass und Gewicht;Poids et mesures;.
14.01.1866;Gleichstellung der Juden und Naturalisierten mit Bezug auf Niederlassung;Egalité des citoyens au point de vue de l'établissement et de la législation;.
14.01.1866;Stimmrecht der Niedergelassenen in Gemeindeangelegenheiten;Droit de vote des Suisses établis, en matière communale;.
14.01.1866;Besteuerung und zivilrechtliche Verhältnisse der Niedergelassenen;Impôts et rapports civils des Suisses établis;.
14.01.1866;Stimmrecht der Niedergelassenen in kantonalen Angelegenheiten;Droit de vote des Suisses établis, en matière cantonale;.
14.01.1866;Glaubens- und Kultusfreiheit;Liberté de conscience et des cultes;.
14.01.1866;Ausschliessung einzelner Strafarten;Interdiction de certains genres de peines;.
14.01.1866;Schutz des geistigen Eigentums;Protection de la propriété littéraire, artistique et industrielle;.
14.01.1866;Verbot der Lotterie und Hasardspiele;Interdiction des loteries et jeux de hasard;.
12.05.1872;Totalrevision;Révision totale;.
19.04.1874;Totalrevision;Révision totale;.
23.05.1875;Bundesgesez betreffend Feststellung und Beurkundung des Zivilstandes und die Ehe;Loi fédérale concernant l'état civil, la tenue des registres qui s'y rapportent et le mariage;.
23.05.1875;Bundesgesez über die politische Stimmberechtigung der Schweizerbürger;Loi fédérale sur le droit de vote des citoyens suisses;.
23.04.1876;Bundesgesez über die Ausgabe und Einlösung von Banknoten;Loi fédérale sur l'émission et le remboursement des billets de banque;.
09.07.1876;Bundesgesez betreffend die Militärpflichtersazsteuer;Loi fédérale sur la taxe d'exemption du service militaire;.
21.10.1877;Bundesgesez betreffend die Arbeit in den Fabriken;Loi fédérale concernant le travail dans les fabriques;.
21.10.1877;Bundesgesez betreffend den Militärpflichtersaz;Loi fédérale sur la taxe d'exemption du service militaire;.
21.10.1877;Bundesgesez betreffend die politischen Rechte der Niedergelassenen und Aufenthalter und den Verlust der politischen Rechte der Schweizerbürger;Loi fédérale concernant les droits politiques des Suisses établis et en séjour, et la perte des droits politiques des citoyens suisses;.
19.01.1879;Bundesgesez betreffend Gewährung von Subsidien für Alpenbahnen;Loi fédérale accordant des subventions aux chemins de fer des Alpes;.
18.05.1879;Bundesbeschluss betreffend Abänderung von Artikel 65 der Bundesverfassung (Todesstrafe);Loi fédérale concernant la révision de l'art. 65 de la Constitution fédérale (peine de mort);.
31.10.1880;Bundesbeschluss betreffend den durch das Volksbegehren vom 3. August 1880 gestellten Antrag auf Revision der Bundesverfassung;Arrêté fédéral concernant la proposition de révision de la constitution fédérale, soulevée par l'initiative populaire en date du 3 août 1880;.
30.07.1882;Bundesbeschluss betreffend den Erfindungsschutz;Arrêté fédéral concernant une adjonction à introduire dans la constitution fédérale (protection des inventions);.
30.07.1882;Bundesgesez betreffend Massnahmen gegen gemeingefährliche Epidemien;Loi fédérale concernant les mesures à prendre contre les épidémies offrant un danger général;.
26.11.1882;Bundesbeschluss betreffend die Vollziehung des Artikels 27 der Bundesverfassung;Arrêté fédéral concernant l'exécution de l'article 27 de la constitution fédérale (instruction primaire);Schulvogt
11.05.1884;Bundesgesetz betreffend die Organisation des eidgenössischen Justiz- und Polizeidepartements;Loi fédérale concernant l'organisation du département fédéral de justice et police;Teil des 'vierhöckrigen Kamels'
11.05.1884;Bundesbeschluss betreffend die Patenttaxen der Handelsreisenden;Arrêté fédéral concernant les taxes de patente des voyageurs de commerce;Teil des 'vierhöckrigen Kamels'
11.05.1884;Bundesgesetz betreffend die Ergänzung des Bundesstrafrechtes vom 4. Februar 1853;Loi fédérale concernant l'adjonction d'un article au code pénal fédéral du 4 février 1853;Teil des 'vierhöckrigen Kamels' / 'Stabio-Artikel'
11.05.1884;Bundesbeschluss betreffend Gewährung eines Beitrags von 10'000 Franken an die Kanzleikosten der schweizerischen Gesandtschaft in Washington;Arrêté fédéral allouant une subvention de 10,000 francs à la légation suisse à Washington pour son secrétariat;Teil des 'vierhöckrigen Kamels'
25.10.1885;Bundesbeschluss betreffend theilweise Änderung der Bundesverfassung der schweizerischen Eidgenossenschaft;Arrêté fédéral modifiant partiellement la constitution fédérale (auberge et alcool);.
15.05.1887;Bundesgesetz betreffend gebrannte Wasser;Loi fédérale concernant les spiritueux;.
10.07.1887;Bundesbeschluss betreffend Ergänzung des Artikels 64 der Bundesverfassung vom 29. Mai 1874;Arrêté fédéral concernant un complément à l'article 64 de la constitution fédérale du 29 mai 1874;.
17.11.1889;Bundesgesetz über Schuldbetreibung und Konkurs;Loi fédérale sur la poursuite pour dettes et la faillite;.
26.10.1890;Bundesbeschluss betreffend Ergänzung der Bundesverfassung vom 29. Mai 1874 durch einen Zusatz bezüglich des Gesetzgebungsrechtes über Unfall- und Krankenversicherung;Arrêté fédéral concernant un article à insérer dans la constitution fédérale du 29 mai 1874, en vue d'attribuer à la Confédération le droit de légiférer dans le domaine de l'assurance en cas d'accident et de maladie;.
15.03.1891;Bundesgesetz betreffend die arbeitsunfähig gewordenen eidgenössischen Beamten und Angestellten;Loi fédérale concernant les fonctionnaires et employés fédéraux devenus incapables de remplir leurs fonctions;.
05.07.1891;Bundesbeschluss betreffend Revision der Bundesverfassung;Arrêté fédéral concernant la révision de la constitution fédérale;.
18.10.1891;Bundesbeschluss betreffend Revision von Art. 39 der Bundesverfassung;Arrêté fédéral concernant la révision de l'article 39 de la constitution fédérale;.
18.10.1891;Bundesgesetz betreffend den schweizerischen Zolltarif;Loi fédérale sur le tarif des douanes fédérales;.
06.12.1891;Bundesbeschluss betreffend den Ankauf der schweizerischen Centralbahn;Arrêté fédéral concernant l'achat du chemin de fer Central suisse;.
20.08.1893;Volksinitiative «Verbot des Schlachtens ohne vorherige Betäubung»;Initiative populaire concernant l'interdiction de l'abattage des animaux sans étourdissement préalable;.
04.03.1894;Bundesbeschluss vom 20. Dezember 1893 betreffend Ergänzung der Bundesverfassung durch einen Zusatz bezüglich des Rechts der Gesetzgebung über das Gewerbewesen;Arrêté fédéral concernant la votation populaire sur l'arrêté fédéral du 20 décembre 1893, relatif à l'adjonction, à la constitution fédérale, d'un nouvel article donnant à la Confédération le droit de légiférer en matière de métiers;.
03.06.1894;Volksinitiative «zur Gewährleistung des Rechts auf Arbeit»;Initiative populaire concernant le droit au travail;.
04.11.1894;Volksinitiative «zur Abgabe eines Teils der Zolleinnahmen an die Kantone»;Initiative populaire tendant à faire répartir, entre les cantons, une partie des recettes des douanes;Beutezug-Initiative
03.02.1895;Bundesgesetz betreffend die Vertretung der Schweiz im Auslande;Loi fédérale sur la représentation de la Suisse à l'étranger;.
29.09.1895;Bundesbeschluss über die Ergänzung der Bundesverfassung durch Zusatzbestimmungen betreffend die Einführung des Zündhölzchenmonopols;Arrêté du conseil fédéral relatif à la votation populaire sur l'arrêté fédéral du 26 mars 1895 (dispositions additionnelles concernant l'introduction du monopole des allumettes, destinées à compléter la constitution fédérale du 29 mai 1874);.
03.11.1895;Bundesbeschluss über die Revision der Militärartikel der Bundesverfassung;Arrêté fédéral concernant la révision des articles de la constitution fédérale relatifs à l'organisation militaire;.
04.10.1896;Bundesgesetz betreffend die Gewährleistung beim Viehhandel;Loi fédérale sur la garantie des défauts dans le commerce des bestiaux;.
04.10.1896;Bundesgesetz über das Rechnungswesen der Eisenbahnen;Loi fédérale sur la comptabilité des chemins de fer;.
04.10.1896;Bundesgesetz betreffend die Disciplinarstrafordnung für die eidgenössische Armee;Loi fédérale sur les peines disciplinaires dans l'armée suisse;.
28.02.1897;Bundesgesetz über die Errichtung der schweizerischen Bundesbank;Loi fédérale créant une Banque de la Confédération suisse;.
11.07.1897;Bundesbeschluss über die Revision des Art. 24 der Bundesverfassung;Arrêté fédéral révisant l'article 24 de la constitution fédérale;.
11.07.1897;Bundesbeschluss betreffend Bundesgesetzgebung über den Verkehr mit Nahrungs- und Genussmitteln und mit solchen Gebrauchs- und Verbrauchsgegenständen, welche das Leben oder die Gesundheit gefährden können;Arrêté fédéral concernant la législation fédérale sur le commerce des denrées alimentaires, ainsi que sur le commerce des articles de ménage et des objets usuels qui peuvent mettre en danger la santé ou la vie;.
20.02.1898;Bundesgesetz betreffend die Erwerbung und den Betrieb von Eisenbahnen für Rechnung des Bundes und die Organisation der Verwaltung der schweizerischen Bundesbahnen;Loi fédérale concernant l'acquisition et l'exploitation des chemins de fer pour le compte de la Confédération, ainsi que l'organisation de l'administration des chemins de fer fédéraux;.
13.11.1898;Bundesbeschluss betreffend Revision des Artikels 64 der Bundesverfassung;Arrêté fédéral concernant la révision de l'article 64 de la Constitution fédérale;.
13.11.1898;Bundesbeschluss betreffend Aufnahme eines Artikels 64bis in die Bundesverfassung;Arrêté fédéral concernant l'insertion d'un article 64bis dans la Constitution fédérale;.
20.05.1900;Bundesgesetz betreffend die Kranken- und Unfallversicherung mit Einschluss der Militärversicherung;Loi fédérale sur l'assurance contre les maladies et les accidents, et sur l'assurance militaire;.
04.11.1900;Volksinitiative «für die Proporzwahl des Nationalrates»;Initiative populaire tendant à l'introduction du système proportionnel dans les élections au Conseil national;Erste Proporzinitiative
04.11.1900;Volksinitiative «für die Volkswahl des Bundesrates und die Vermehrung der Mitgliederzahl»;Initiative populaire tendant à la nomination du Conseil fédéral par le peuple;.
23.11.1902;Bundesbeschluss betreffend die Unterstützung der öffentlichen Primarschule durch den Bund;Arrêté fédéral concernant la subvention de l'école primaire publique par la Confédération;.
15.03.1903;Bundesgesetz betreffend den schweizerischen Zolltarif;Loi fédérale sur le tarif des douanes;.
25.10.1903;Bundesgesetz betreffend Ergänzung des Bundesgesetzes über das Bundesstrafrecht der schweizerischen Eidgenossenschaft vom 4. Februar 1853;Loi fédérale complétant le code pénal fédéral du 4 février 1853;.
25.10.1903;Volksinitiative «für die Wahl des Nationalrates aufgrund der Schweizer Wohnbevölkerung»;Initiative populaire concernant la révision de l'article 72 de la constitution fédérale (élection du Conseil national basée sur la population de nationalité suisse);.
25.10.1903;Bundesbeschluss betreffend Abänderung des Art. 32bis der Bundesverfassung;Arrêté fédéral portant modification de l'article 32bis de la constitution fédérale;Kleinhandel mit geistigen Getränken
19.03.1905;Bundesbeschluss betreffend Revision des Art. 64 der Bundesverfassung (Ausdehnung des Erfinderschutzes);Arrêté fédéral concernant la révision de l'article 64 de la constitution fédérale (extension de la protection des inventions);.
10.06.1906;Bundesgesetz betreffend den Verkehr mit Lebensmitteln und Gebrauchsgegenständen;Loi fédérale sur le commerce des denrées alimentaires et de divers objets usuels;.
03.11.1907;Militärorganisation der schweizerischen Eidgenossenschaft;Organisation militaire de la Confédération suisse;.
05.07.1908;Bundesbeschluss betreffend Ergänzung der Bundesverfassung bezüglich des Rechts der Gesetzgebung über das Gewerbewesen;Arrêté fédéral complétant la constitution fédérale en ce qui concerne le droit de légiférer en matière d'arts et métiers;.
05.07.1908;Volksinitiative «für ein Absinthverbot»;Initiative populaire concernant l'interdiction de l'absinthe;.
25.10.1908;Bundesbeschluss betreffend die Aufnahme eines Zusatzartikels 24bis in die Bundesverfassung betreffend die Gesetzgebung des Bundes über die Nutzbarmachung der Wasserkräfte und über die Fortleitung und die Abgabe der elektrischen Energie;Arrêté fédéral concernant la législation fédérale sur l'utilisation des forces hydrauliques, le transport et la distribution de l'énergie électrique (contre-projet: introduction dans la constitution fédérale d'un article 24bis);.
23.10.1910;Volksinitiative «für die Proporzwahl des Nationalrates»;Initiative populaire tendant à appliquer le système proportionnel aux élections pour le Conseil national;Zweite Proporzinitiative
04.02.1912;Bundesgesetz über die Kranken- und Unfallversicherung;Loi fédérale sur l'assurance en cas de maladie et d'accidents;.
04.05.1913;Bundesbeschluss betreffend Revision der Artikel 69 und 31, 2.Absatz, lit.d, der Bundesverfassung (Bekämpfung menschlicher und tierischer Krankheiten);Arrêté fédéral modifiant les articles 69 et 31, 2e alinéa, lettre d, de la constitution fédérale (lutte contre les maladies de l'homme et des animaux);.
25.10.1914;Bundesbeschluss betreffend Revision von Art. 103 der Bundesverfassung und Aufnahme eines Artikels 114bis in die Bundesverfassung;Arrêté fédéral concernant la révision de l'article 103 de la constitution fédérale et l'adjonction d'un article 114bis à la constitution fédérale;.
06.06.1915;Bundesbeschluss betreffend Erlass eines Artikels der Bundesverfassung zur Erhebung einer einmaligen Kriegssteuer;Arrêté fédéral concernant l'adoption d'un article constitutionnel en vue de la perception d'un impôt de guerre non renouvelable;.
13.05.1917;Bundesbeschluss betreffend die Einfügung eines Art. 41bis und eines Artikels 42, lit.g, in die Bundesverfasssung (Stempelabgaben);Arrêté fédéral portant insertion dans la constitution fédérale d'un article 41bis et d'un nouvel alinéa de l'article 42 sous lettre g (droit de timbre);.
02.06.1918;Volksinitiative «für die Einführung der direkten Bundessteuer»;Initiative populaire pour l'insertion dans la constitution fédérale d'un article 41bis et la modification de l'article 42, lettre f, de cette constitution (introduction de l'impôt fédéral direct);.
13.10.1918;Volksinitiative «für die Proporzwahl des Nationalrates»;Initiative populaire tendant à l'application du système proportionnel aux élections du Conseil national;Dritte Proporzinitiative
04.05.1919;Bundesbeschluss betreffend Aufnahme eines Art. 24ter in die Bundesverfassung (Schiffahrt);Arrêté fédéral concernant l'insertion d'un article 24ter dans la constitution fédérale (navigation);.
04.05.1919;Bundesbeschluss betreffend Erlass eines Artikels der Bundesverfassung über die Erhebung einer neuen ausserordentlichen Kriegssteuer;Arrêté fédéral concernant l'adoption d'un article constitutionnel relatif à la perception d'un nouvel impôt de guerre extraordinaire;.
10.08.1919;Bundesbeschluss betreffend die Aufnahme von Übergangsbestimmungen zu Art. 73 der Bundesverfassung;Arrêté fédéral concernant l'adoption de dispositions transistoires pour l'application de l'article 73 de la constitution fédérale;Proporzwahlen
21.03.1920;Bundesgesetz betreffend die Ordnung des Arbeitsverhältnisses;Loi fédérale portant réglementation des conditions de travail;.
21.03.1920;Volksinitiative «für ein Verbot der Errichtung von Spielbanken»;Initiative populaire pour la modification de l'article 35 de la constitution fédérale (interdiction des maisons de jeux);.
21.03.1920;Gegenentwurf zur Volksinitiative «für ein Verbot der Errichtung von Spielbanken»;Contre-projet à l'initiative populaire pour la modification de l'article 35 de la constitution fédérale (interdiction des maisons de jeux);.
16.05.1920;Bundesbeschluss betreffend den Beitritt der Schweiz zum Völkerbund;Arrêté fédéral concernant l'accession de la Suisse à la Société des Nations;.
31.10.1920;Bundesgesetz betreffend die Arbeitszeit beim Betriebe der Eisenbahnen und anderer Verkehrsanstalten;Loi fédérale concernant la durée du travail dans l'exploitation des chemins de fer et autres entreprises de transport et de communications;.
30.01.1921;Volksinitiative «für die Unterstellung von unbefristeten oder für eine Dauer von mehr als 15 Jahren abgeschlossenen Staatsverträgen unter das Referendum (Staatsvertragsreferendum)»;Initiative populaire concernant la soumission de traités internationaux au référendum;Waadtländer-Initiative
30.01.1921;Volksinitiative «für die Aufhebung der Militärjustiz»;Initiative populaire «Suppression de la justice millitaire»;.
22.05.1921;Bundesbeschluss betreffend Aufnahme eines Artikels 37bis in die Bundesverfassung (Automobil- und Fahrradverkehr);Arrêté fédéral concernant l'insertion dans la constitution fédérale d'un art. 37bis (circulation des automobiles et des cycles);.
22.05.1921;Bundesbeschluss betreffend Aufnahme eines Artikels 37ter in die Bundesverfassung (Luftschiffahrt);Arrêté fédéral concernant l'insertion dans la constitution fédérale d'un art. 37ter (navigation aérienne);.
11.06.1922;Volksinitiative «betreffend die Erlangung des Schweizerbürgerrechts, Teil I»;Initiative populaire concernant «les naturalisations, partie I»;.
11.06.1922;Volksinitiative «betreffend die Ausweisung von Ausländern, Teil II»;Initiative populaire concernant «l'expulsion pour atteinte à la sécurité du pays, partie II»;.
11.06.1922;Volksinitiative «betreffend die Wählbarkeit der Bundesbeamten in den Nationalrat»;Initiative populaire sur «l'éligibilité des fonctionnaires fédéraux au Conseil national»;Unvereinbarkeits-Initiative
24.09.1922;Bundesgesetz betreffend Abänderung des Bundesstrafrechts vom 4. Februar 1853 in bezug auf Verbrechen gegen die verfassungsmässige Ordnung und innere Sicherheit und in bezug auf die Einführung des bedingten Strafvollzugs;Loi fédérale modifiant le code pénal fédéral du 4 février 1853 en ce qui concerne les crimes et délits contre l'ordre constitutionnel et la sûreté intérieure, et introduisant le sursis à l'exécution de la peine;«Lex Häberlin», «Umsturzgesetz», «Zuchthausgesetz»
03.12.1922;Volksbegehren betreffend Erhebung einer einmaligen Vermögensabgabe (Art. 42bis der Bundesverfassung);Initiative populaire concernant le prélèvement d'un impôt unique sur la fortune (article 42bis de la Constitution);.
18.02.1923;Volksinitiative «Schutzhaft»;Initiative populaire sur «l'arrestation des citoyens suisses qui compromettent la sûreté intérieure du pays»;.
18.02.1923;Bundesbeschluss über die Ratifikation des am 7. August 1921 in Paris unterzeichneten Abkommens zwischen der Schweiz und Frankreich zur Regelung der Handelsbeziehungen und des freundnachbarlichen Grenzverkehrs zwischen den ehemaligen Freizonen Hochsavoyens;Arrêté fédéral ratifiant la Convention entre la Suisse et la France réglant les relations de commerce et de bon voisinage entre les anciennes zones franches de la Haute-Savoie et du Pays de Gex et les cantons suisses limitrophes, signée à Paris le 7 août 1921;.
15.04.1923;Volksinitiative «zur Wahrung der Volksrechte in der Zollfrage»;Initiative populaire pour la garantie des droits populaires dans la question douanière (article 29 de la Constitution fédérale );.
03.06.1923;Bundesbeschluss betreffend die Revision der Art. 31 und 32bis (Alkoholwesen) der Bundesverfassung;Arrêté fédéral concernant la révision des articles 31 et 32bis (régime des alcools) de la Constitution fédérale;.
17.02.1924;Bundesgesetz betreffend Abänderung von Art. 41 des Fabrikgesetzes vom 18. Juni 1914 / 27. Juni 1919;Loi fédérale modifiant l'art. 41 de la loi sur les fabriques du 18 juin 1914/27 juin 1919;«Lex Schulthess»
24.05.1925;Volksinitiative «für eine Invaliditäts-, Alters- und Hinterlassenenversicherung» (AHV);Initiative populaire visant l'insertion dans la constitution fédérale d'un article 34quater (création d'un fonds pour l'assurance-invalidité, vieillesse et survivants);Initiative Rothenberger
25.10.1925;Bundesbeschluss betreffend Aufenthalt und Niederlassung der Ausländer;Arrêté fédéral concernant le séjour et l'établissement des étrangers;.
06.12.1925;Bundesbeschluss betreffend die Alters-, Hinterlassenen- und Invalidenversicherung;Arrêté fédéral concernant l'assurance en cas de vieillesse, l'assurance des survivants et l'assurance en cas d'invalidité;.
05.12.1926;Bundesbeschluss über die Aufnahme eines neuen Artikels 23bis in die Bundesverfassung betreffend die Getreideversorgung des Landes;Arrêté fédéral du 21 avril 1926 portant addition à la constitution fédérale d'un article 23bis sur l'approvisionnement du pays en céréales;.
15.05.1927;Bundesbeschluss betreffend die Abänderung des Artikels 30 der Bundesverfassung (Internationale Alpenstrassen);Arrêté fédéral concernant la révision de l'article 30 de la Constitution (routes alpestres internationales);.
15.05.1927;Bundesgesetz über den Automobil- und Fahrradverkehr;Loi fédérale sur la circulation des automobiles et des cycles;.
20.05.1928;Bundesbeschluss betreffend Revision des Art. 44 der Bundesverfassung (Massnahmen gegen die Überfremdung);Arrêté fédéral concernant la révision de l'article 44 de la Constitution (naturalisations);.
02.12.1928;Volksinitiative zur Abänderung des Art. 35 der Bundesverfassung (Volksbegehren zur Erhaltung der Kursäle und zur Förderung des Fremdenverkehrs);Initiative populaire portant modification de l'article 35 de la Constitution (initiative populaire en faveur du maintien des kursaals et de l'encouragement du tourisme en Suisse);.
03.03.1929;Volksbegehren um Aufnahme eines Art. 23bis in die Bundesverfassung (Getreideversorgung der Schweiz);Arrêté fédéral concernant l'initiative populaire visant l'insertion d'un article 23bis dans la constitution fédérale (approvisionnement du pays en blé);.
03.03.1929;Gegenentwurf zur Volksinitiative «Getreideversorgung»;Contre-projet à l'initiative populaire visant l'insertion d'un article 23bis dans la constitution fédérale (approvisionnement du pays en blé);.
03.03.1929;Bundesgesetz betreffend Abänderung von Art.14 des Bundesgesetzes vom 10. Oktober 1902 betreffend den schweizerischen Zolltarif;Loi fédérale modifiant l'article 14 de la loi fédérale du 10 octobre 1902 sur le tarif des douanes suisses;.
12.05.1929;Volksinitiative «betreffend die Gesetzgebung über den Strassenverkehr»;Initiative populaire concernant la circulation routière;.
12.05.1929;Volksinitiative «für ein Branntweinverbot»;Initiative populaire concernant le droit des cantons et des communes d'interdire les boissons distillées;.
06.04.1930;Bundesbeschluss betreffend die Revision der Art. 31 und 32bis der Bundesverfassung und die Aufnahme eines neuen Art. 32quater (Alkoholwesen);Arrêté fédérale concernant la révision des articles 31 et 32bis de la constitution fédérale  et l'insertion d'un nouvel article 32quater (régime des alcools);.
08.02.1931;Bundesbeschluss über das Volksbegehren um Revision des Artikels 12 der Bundesverfassung (Ordensverbot) (Gegenentwurf);Arrêté fédéral sur la demande d'initiative concernant la révision de l'article 12 de la constitution fédérale (interdiction des décorations) (contre-projet);.
15.03.1931;Bundesbeschluss über die Revision des Art. 72 der Bundesverfassung (Wahl des Nationalrats);Arrêté fédéral concernant la révision de l'article 72 de la constitution (élection du Conseil national);.
15.03.1931;Bundesbeschluss über die Revision der Art. 76, 96 , Abs. 1, und 105, Abs. 2, der Bundesverfassung (Amtsdauer des Nationalrats, des Bundesrats und des Bundeskanzlers);Arrêté fédéral concernant la révision des articles 76, 96, 1er et 3e alinéas, et 105, 2e alinéa, de la constitution (durée du mandat du Conseil national, du Conseil fédéral et du chancelier de la Confédération);.
06.12.1931;Bundesgesetz über die Alters- und Hinterlassenenversicherung;Loi fédérale sur l'assurance-vieillesse et survivants;.
06.12.1931;Bundesgesetz über die Besteuerung des Tabaks;Loi fédérale sur l'imposition du tabac;.
28.05.1933;Bundesgesetz über die vorübergehende Herabsetzung der Besoldungen, Gehälter und Löhne der im Dienste des Bundes stehenden Personen;Loi fédérale réduisant temporairement les traitements et salaires des personnes au service de la Confédération;.
11.03.1934;Bundesgesetz über den Schutz der öffentlichen Ordnung;Loi fédérale sur la protection de l'ordre public;.
24.02.1935;Bundesgesetz über die Abänderung des Bundesgesetzes vom 12. April 1907 betreffend die Militärorganisation (Neuordnung der Ausbildung);Loi fédérale modifiant celle du 12 avril 1907 sur l'organisation militaire (Réorganisation de l'instruction);.
05.05.1935;Bundesgesetz über die Regelung der Beförderung von Gütern und Tieren mit Motorfahrzeugen auf öffentlichen Strassen (Verkehrsteilungsgesetz);Loi fédérale réglant le transport de marchandises et d'animaux sur la voie au moyen de véhicules automobiles (Loi sur le partage du trafic);.
02.06.1935;Volksinitiative «zur Bekämpfung der Wirtschaftskrise»;Initiative populaire pour combattre la crise économique et ses effets;Kriseninitiative
08.09.1935;Volksinitiative «für eine Totalrevision der Bundesverfassung»;Initiative populaire pour la révision totale de la constitution;Fronteninitiative
28.11.1937;Volksinitiative «für ein Verbot der Freimaurerei»;Initiative populaire concernant la révision partielle de l'article 56 de la constitution fédérale (interdiction des sociétés franc-maçonniques et associations similaires);.
20.02.1938;Bundesbeschluss über die Revision der Art. 107 und 116 der Bundesverfassung (Anerkennung des Rätoromanischen als Nationalsprache);Arrêté fédéral revisant les articles 107 et 116 de la constitution fédérale (reconnaissance du romanche comme langue nationale);.
20.02.1938;Volksinitiative «betreffend die dringlichen Bundesbeschlüsse und die Wahrung der demokratischen Volksrechte»;Initiative populaire tendant à modifier le référendum facultatif (révision de l'article 89, 2e alinéa, de la constitution);.
20.02.1938;Volksinitiative «Private Rüstungsindustrie»;Initiative populaire contre l'industrie privée des armements;.
20.02.1938;Gegenentwurf zur Volksinitiative «Private Rüstungsindustrie»;Contre-projet à l'initiative populaire contre l'industrie privée des armements;.
03.07.1938;Schweizerisches Strafgesetzbuch;Code pénal suisse;.
27.11.1938;Bundesbeschluss betreffend die Übergangsordnung des Finanzhaushaltes;Arrêté fédéral concernant le régime transitoire des finances fédérales;.
22.01.1939;Volksinitiative «zur Wahrung der verfassungsmässigen Rechte der Bürger» (Erweiterung der Verfassungsgerichtsbarkeit);Initiative populaire pour l'extension de la juridiction constitutionnelle (révision de l'article 113 de la constitution);.
22.01.1939;Bundesbeschluss über das Volksbegehren für Einschränkung der Anwendung der Dringlichkeitsklausel (Gegenentwurf);Arrêté fédéral sur la demande d'initiative tendant à restreindre l'emploi de la clause d'urgence (contre-projet);.
04.06.1939;Bundesbeschluss betreffend Ergänzung der Bundesverfassung für die Eröffnung und teilweise Deckung von Krediten zum Ausbau der Landesverteidigung und zur Bekämpfung der Arbeitslosigkeit;Arrêté fédéral complétant la constitution fédérale en vue de l'octroi et de la couverture partielle de crédits destinés au renforcement de la défense nationale et à la lutte contre le chômage;.
03.12.1939;Bundesgesetz über die Änderung des Dienstverhältnisses und der Versicherung des Bundespersonals;Loi fédérale modifiant le statut des fonctionnaires et les conditions d'assurance du personnel fédéral;.
01.12.1940;Bundesgesetz über die Abänderung der Art. 103 und 104 des Bundesgesetzes vom 12. April 1907 betreffend die Militärorganisation (Einführung des obligatorischen militärischen Vorunterrichts);Loi fédérale modifiant les articles 103 et 104 de la loi du 12 avril 1907 sur l'organisation militaire (Obligation de l'instruction militaire préparatoire);.
09.03.1941;Volksinitiative «zur Neuordnung des Alkoholwesens»;Initiative populaire pour la révision des articles 31, 32bis et 32quater de la constitution fédérale;Reval-Initiative
25.01.1942;Volksinitiative «für die Wahl des Bundesrates durch das Volk und die Erhöhung der Mitgliederzahl»;Initiative populaire tendant à l'augmentation du nombre des membres du Conseil fédéral et à son élection par le peuple;.
03.05.1942;Volksinitiative «für die Reorganisation des Nationalrates»;Initiative populaire concernant la réorganisation du Conseil national;.
29.10.1944;Bundesgesetz über den unlauteren Wettbewerb;Loi fédérale sur la concurrence déloyale;.
21.01.1945;Bundesgesetz über die Schweizerischen Bundesbahnen;Loi fédérale sur les chemins de fer fédéraux;.
25.11.1945;Bundesbeschluss über das Volksbegehren «Für die Familie» (Gegenentwurf);Arrêté fédéral sur la demande d'initiative pour la famille (contre-projet);.
10.02.1946;Bundesbeschluss über das Volksbegehren betreffend eine Gütertransportordnung (Gegenentwurf);Arrêté fédéral sur la demande d'initiative concernant la réglementation du transport des marchandises (contre-projet);.
08.12.1946;Bundesbeschluss über das Volksbegehren «Recht auf Arbeit»;Arrêté fédéral sur la demande d'initiative populaire concernant le «droit au travail»;.
18.05.1947;Bundesbeschluss über das Volksbegehren betreffend «Wirtschaftsreform und Rechte der Arbeit»;Arrêté fédéral sur la demande d'initiative concernant «la réforme économique et les droits du travail»;.
06.07.1947;Bundesbeschluss über eine Revision der Wirtschaftsartikel der Bundesverfassung;Arrêté fédéral revisant les articles de la constitution fédérale relatifs au domaine écomomique;.
06.07.1947;Bundesgesetz über die Alters- und Hinterlassenenversicherung;Loi fédérale sur l'assurance-vieillesse et survivants;.
14.03.1948;Bundesbeschluss über die Ordnung der schweizerischen Zuckerwirtschaft;Arrêté fédéral réglant le régime du sucre;.
22.05.1949;Bundesbeschluss über die Revision von Artikel 39 der Bundesverfassung betreffend die Schweizerische Nationalbank;Arrêté fédéral revisant l'article 39 de la constitution relatif à la banque nationale suisse;.
22.05.1949;Bundesgesetz über die Ergänzung des Bundesgesetzes vom 13. Juni 1928 betreffend Massnahmen gegen die Tuberkulose;Loi fédérale complétant celle du 13 juin 1928 sur la lutte contre la tuberculose;.
11.09.1949;Volksinitiative «für die Rückkehr zur direkten Demokratie»;Initiative populaire pour le retour à la démocratie directe;.
11.12.1949;Bundesgesetz betreffend Abänderung des Bundesgesetzes vom 30. Juni 1927 über das Dienstverhältnis der Bundesbeamten;Loi fédérale modifiant la loi du 30 juin 1927 sur le statut des fonctionnaires;.
29.01.1950;Bundesbeschluss betreffend die Verlängerung der Geltungsdauer und die Abänderung des Bundesbeschlusses über Massnahmen zur Förderung der Wohnbautätigkeit;Arrêté fédéral prorogeant et modifiant celui qui concerne les mesures destinées à encourager la construction de maisons d'habitation;.
04.06.1950;Bundesbeschluss über die verfassungsmässige Neuordnung des Finanzhaushaltes des Bundes;Arrêté fédéral instituant de nouvelles dispositions constitutionnelles sur le régime financier de la Confédération;Bundesfinanzreform
01.10.1950;Volksinitiative «zum Schutz des Bodens und der Arbeit durch Verhinderung der Spekulation»;Initiative populaire visant la protection du sol et du travail par des mesures contre la spéculation;Jungbauern-Initiative
03.12.1950;Bundesbeschluss betreffend Abänderung des Artikels 72 der Bundesverfassung (Wahl des Nationalrates);Arrêté fédéral modifiant l'article 72 de la constitution (élection du Conseil national);.
03.12.1950;Bundesbeschluss über die Finanzordnung 1951 bis 1954;Arrêté fédéral concernant le régime financier de 1951 à 1954;.
25.02.1951;Bundesbeschluss über den Transport von Personen und Sachen mit Motorfahrzeugen auf öffentlichen Strassen (Autotransportordnung);Arrêté fédéral concernant le transport sur la voie publique de personnes et de choses au moyen de véhicules automobiles;.
15.04.1951;Volksinitiative «zur Sicherstellung der Kaufkraft und Vollbeschäftigung» (Freigeldinitiative);Initiative populaire concernant la révision de l'art. 39 de la constitution (initiative pour la monnaie franche);Kaufkraftinitiative
15.04.1951;Gegenentwurf zur Volksinitiative «zur Sicherstellung der Kaufkraft und Vollbeschäftigung» (Freigeldinitiative);Contre-projet à l'initiative populaire concernant la révision de l'art. 39 de la constitution (initiative pour la monnaie franche);.
08.07.1951;Volksinitiative «zur Heranziehung der öffentlichen Unternehmungen zu einem Beitrag an die Kosten der Landesverteidigung»;Initiative populaire concernant la participation des entreprises de droit public aux dépenses pour la défense nationale;.
02.03.1952;Bundesbeschluss betreffend Verlängerung der Geltungsdauer des Bundesbeschlusses über die Bewilligungspflicht für die Eröffnung und Erweiterung von Gasthöfen;Arrêté fédérale prorogeant celui qui restreint l'ouverture et l'agrandissement d'hôtels;Hotelbauverbot
30.03.1952;Bundesgesetz über die Förderung der Landwirtschaft und die Erhaltung des Bauernstandes (Landwirtschaftsgesetz);Loi fédérale sur l'amélioration de l'agriculture et le maintien de la population paysanne (loi sur l'agriculture);.
20.04.1952;Volksinitiative «Warenumsatzsteuer»;Initiative populaire concernant les impôts sur le chiffre d'affaires;.
18.05.1952;Volksinitiative «zur Rüstungsfinanzierung und zum Schutze der sozialen Errungenschaften»;Initiative populaire pour le financement des armements et pour la sauvegarde des conquêtes sociales;.
06.07.1952;Bundesbeschluss über die Deckung der Rüstungsausgaben;Arrêté fédéral sur la couverture des dépenses pour l'armement;.
05.10.1952;Bundesgesetz betreffend die Abänderung von Bestimmungen über die fiskalische Belastung des Tabaks im Bundesgesetz über die Alters- und Hinterlassenenversicherung;Loi fédérale modifiant les dispositions relatives à l'imposition du tabac de la loi fédérale sur l'assurance-vieillesse et survivants;.
05.10.1952;Bundesbeschluss über den Einbau von Luftschutzräumen in bestehenden Häusern;Arrêté fédéral concernant la construction d'abris antiaériens dans les bâtiments existants;.
23.11.1952;Bundesbeschluss über die befristete Weiterführung einer beschränkten Preiskontrolle;Arrêté fédéral sur le maintien temporaire d'un contrôle des prix réduit;.
23.11.1952;Bundesbeschluss über die Brotgetreideversorgung des Landes;Arrêté fédéral concernant le ravitaillement du pays en céréales panifiables;.
19.04.1953;Bundesgesetz über die Revision des Bundesgesetzes betreffend den Postverkehr;Loi fédérale concernant la révision de la loi fédérale sur le service des postes;.
06.12.1953;Bundesbeschluss über die verfassungsmässige Neuordnung des Finanzhaushaltes des Bundes;Arrêté fédéral instituant de nouvelles dispositions constitutionnelles sur le régime financier de la Confédération;.
06.12.1953;Bundesbeschluss über die Ergänzung der Bundesverfassung durch einen Artikel 24quater betreffend den Schutz der Gewässer gegen Verunreinigung;Arrêté fédéral introduisant dans la constitution un article 24quater sur la protection des eaux contre la pollution;.
20.06.1954;Bundesbeschluss über den Fähigkeitsausweis im Schuhmacher-, Coiffeur-, Sattler- und Wagnergewerbe;Arrêté fédéral instituant le régime du certificat de capacité dans les métiers de cordonnier, coiffeur, sellier et charron;.
20.06.1954;Bundesbeschluss über ausserordentliche Hilfeleistungen an kriegsgeschädigte Auslandschweizer;Arrêté fédéral concernant une aide extraordinaire aux Suisses de l'étranger victimes de la guerre;.
24.10.1954;Bundesbeschluss über die Finanzordnung 1955 bis 1958;Arrêté fédéral concernant le régime financier de 1955 à 1958;.
05.12.1954;Volksinitiative «Schutz der Stromlandschaft und Verleihung Rheinau»;Initiative populaire pour la protection des sites depuis la chute du Rhin jusqu'à Rheinau;Rheinau-Initiative I
13.03.1955;Volksinitiative «zum Schutz der Mieter und Konsumenten» (Weiterführung der Preiskontrolle);Initiative populaire concernant la protection des locataires et des consommateurs;.
13.03.1955;Gegenentwurf zur Volksinitiative «zum Schutz der Mieter und Konsumenten» (Weiterführung der Preiskontrolle);Contre-projet à l'initiative populaire concernant la protection des locataires et des consommateurs;.
04.03.1956;Bundesbeschluss über die befristete Weiterführung einer beschränkten Preiskontrolle (Verlängerung der Gültigkeitsdauer des Verfassungszusatzes vom 26. September 1952);Arrêté fédéral sur le maintien temporaire d'un contrôle des prix réduit (prorogation de l'additif constitutionnel du 26 septembre 1952);.
13.05.1956;Volksbegehren zur Erweiterung der Volksrechte bei der Erteilung von Wasserrechtskonzessionen durch den Bund;Initiative populaire pour une extension des droits populaires lors de l'octroi par la Confédération de concessions pour l'utilisation de forces hydrauliques;Rheinau-Initiative II
13.05.1956;Bundesbeschluss über Massnahmen zur Stärkung der Wirtschaft des Kantons Graubünden durch Gewährung einer Hilfe an die Holzverzuckerungs-AG;Arrêté fédéral instituant des mesures pour encourager l'économie du canton des Grisons, au moyen d'une aide à la société anonyme pour la saccharification du bois à Domat/Ems;.
30.09.1956;Bundesbeschluss über die Revision der Brotgetreideordnung des Landes;Arrêté fédéral concernant la révision du régime du blé;.
30.09.1956;Bundesbeschluss über das Volksbegehren betreffend Ausgabenbeschlüsse der Bundesversammlung (Gegenentwurf);Arrêté fédéral sur l'initiative populaire concernant le vote des dépenses par l'Assemblée fédérale (contre-projet);.
03.03.1957;Bundesbeschluss über die Ergänzung der Bundesverfassung durch einen Artikel 22bis über den Zivilschutz;Arrêté fédéral insérant dans la constitution fédérale un article 22bis sur la protection civile;.
03.03.1957;Bundesbeschluss über die Ergänzung der Bundesverfassung durch einen Artikel 36bis betreffend Rundspruch und Fernsehen;Arrêté fédéral introduisant dans la constitution un article 36bis sur la radiodiffusion et la télévision;.
24.11.1957;Bundesbeschluss über die Ergänzung der Bundesverfassung durch einen Artikel 24quinquies betreffend die Atomenergie und den Strahlenschutz;Arrêté fédéral introduisant dans la constitution un article 24quinquies sur l'énergie atomique et la protection contre les radiations;.
24.11.1957;Bundesbeschluss über die befristete Verlängerung der Geltungsdauer der Übergangsordnung betreffend die Brotgetreideversorgung des Landes;Arrêté fédéral prorogeant pour une durée limitée la validité du régime transitoire concernant le ravitaillement du pays en céréales panifiables;.
26.01.1958;Volksinitiative «gegen den Missbrauch wirtschaftlicher Macht»;Initiative populaire «contre l'abus de la puissance économique»;Kartellverbot
11.05.1958;Bundesbeschluss über die verfassungsmässige Neuordnung des Finanzhaushaltes des Bundes;Arrêté fédéral instituant de nouvelles dispositions constitutionnelles sur le régime financier de la Confédération;.
06.07.1958;Bundesbeschluss über die Ergänzung der Bundesverfassung durch einen Artikel 27ter betreffend das Filmwesen;Arrêté fédéral concernant l'insertion, dans la constitution fédérale, d'un article 27ter sur le cinéma;.
06.07.1958;Bundesbeschluss über das Volksbegehren für die Verbesserung des Strassennetzes (Gegenentwurf);Arrêté fédéral concernant l'initiative populaire pour l'amélioration du réseau routier (contre-projet);.
26.10.1958;Volksinitiative «zur Einführung der 44-Stunden-Woche»;Initiative populaire pour l'introduction de la semaine de 44 heures (Réduction de la durée du travail);.
07.12.1958;Bundesbeschluss über die Änderung der Bundesverfassung (Kursaalspiele);Arrêté fédéral modifiant la constitution (jeux de kursaals);.
07.12.1958;Bundesbeschluss betreffend die Genehmigung des zwischen der Schweizerischen Eidgenossenschaft und der Italienischen Republik abgeschlossenen Abkommens über die Nutzbarmachung der Wasserkraft des Spöl;Arrêté fédéral concernant l'approbation de la convention conclue entre la Confédération suisse et la République italienne au sujet de l'utilisation de la force hydraulique du Spöl;.
01.02.1959;Bundesbeschluss über die Einführung des Frauenstimm- und -wahlrechts in eidgenössischen Angelegenheiten;Arrêté fédéral sur l'institution du suffrage féminin en matière fédérale;.
24.05.1959;Bundesbeschluss über die Ergänzung der Bundesverfassung durch einen Artikel 22bis über den Zivilschutz;Arrêté fédéral insérant dans la constitution un article 22bis sur la protection civile;.
29.05.1960;Bundesbeschluss über die Weiterführung befristeter Preiskontrollmassnahmen;Arrêté fédéral sur le maintien de mesures temporaires en matière de contrôle des prix;.
04.12.1960;Bundesbeschluss betreffend die Änderung des Bundesbeschlusses über zusätzliche wirtschaftliche und finanzielle Massnahmen auf dem Gebiete der Milchwirtschaft;Arrêté fédéral modifiant celui qui concerne les mesures complémentaires d'ordre économique et financier applicables à l'économie laitière;.
05.03.1961;Bundesbeschluss über die Ergänzung der Bundesverfassung durch einen Artikel 26bis betreffend Rohrleitungsanlagen zur Beförderung flüssiger oder gasförmiger Brenn- oder Treibstoffe;Arrêté fédéral concernant l'insertion dans la constitution d'un article 26bis sur les installations de transport par conduites de combustibles ou de carburants liquides ou gazeux;.
05.03.1961;Bundesbeschluss über die Erhebung eines Zollzuschlages auf Treibstoffen zur Finanzierung der Nationalstrassen;Arrêté fédéral concernant le perception d'une taxe sur les carburants pour moteurs destinée à financer à titre complémentaire les routes nationales;.
22.10.1961;Volksinitiative «zur Einführung der Gesetzesinitiative im Bunde»;Initiative populaire tendant à l'institution de l'initiative législative en matière fédérale;.
03.12.1961;Bundesbeschluss über die schweizerische Uhrenindustrie (Uhrenstatut);Arrêté fédéral concernant l'industrie horlogère suisse (Statut légal de l'horlogerie);.
01.04.1962;Volksinitiative «für ein Verbot der Atomwaffen»;Initiative populaire pour l'interdiction des armes atomiques;.
27.05.1962;Bundesbeschluss über die Ergänzung der Bundesverfassung durch einen Artikel 24sexies betreffend den Natur- und Heimatschutz;Arrêté fédéral insérant dans la constitution fédérale un article 24sexies sur la protection de la nature et du paysage;.
27.05.1962;Bundesgesetz über die Abänderung des Bundesgesetzes betreffend die Taggelder und Reiseentschädigungen des Nationalrates und der Kommission der eidgenössischen Räte;Loi fédérale modifiant la loi sur les indemnités de présence et de déplacement des membres du Conseil national et des commissions de l'Assemblée fédérale;.
04.11.1962;Bundesbeschluss über die Änderung des Artikels 72 der Bundesverfassung (Wahl des Nationalrates);Arrêté fédéral modifiant l'article 72 de la constitution (élection du Conseil national);.
26.05.1963;Volksinitiative «Entscheidungsrecht des Volkes über die Ausrüstung der schweizerischen Armee mit Atomwaffen»;Initiative populaire sur le droit du peuple de décider de l'équipement de l'armée suisse en armes atomiques;.
08.12.1963;Bundesbeschluss über die Weiterführung der Finanzordnung des Bundes (Verlängerung der Geltungsdauer von Art. 41ter BV und Ermässigung der Wehrsteuer);Arrêté fédéral concernant la prorogation du régime financier de la Confédération (Prolongation de validité de l'article 41ter de la constitution et réduction de l'impôt pour la défense nationale);.
08.12.1963;Bundesbeschluss betreffend die Ergänzung der Bundesverfassung durch einen Artikel 27quater über Stipendien und andere Ausbildungsbeihilfen;Arrêté fédéral introduisant dans la constitution un article 27quater sur les bourses d'études et autres aides financières à l'instruction;.
02.02.1964;Bundesbeschluss über den Erlass einer allgemeinen Steueramnestie auf den 1. Januar 1965;Arrêté fédéral concernant l'octroi d'une amnistie fiscale générale au 1er janvier 1965;.
24.05.1964;Bundesgesetz über die Berufsbildung;Loi fédérale sur la formation professionnelle;.
06.12.1964;Bundesbeschluss über die Weiterführung befristeter Preiskontrollmassnahmen;Arrêté fédéral sur le maintien de mesures temporaires en matière de contrôle des prix;.
28.02.1965;Bundesbeschluss über die Bekämpfung der Teuerung durch Massnahmen auf dem Gebiete des Geld- und Kapitalmarktes und des Kreditwesens;Arrêté fédéral concernant la lutte contre le renchérissement par des mesures dans le domaine du marché de l'argent et des capitaux et dans celui du crédit;.
28.02.1965;Bundesbeschluss über die Bekämpfung der Teuerung durch Massnahmen auf dem Gebiete der Bauwirtschaft;Arrêté fédéral concernant la lutte contre le renchérissement par des mesures dans le domaine de la construction;.
16.05.1965;Bundesgesetz betreffend die Änderung des Beschlusses der Bundesversammlung über Milch, Milchprodukte und Speisefette (Milchbeschluss);Loi fédérale modifiant l'arrêté de l'Assemblée fédérale concernant le lait, les produits laitiers et les graisses comestibles;.
16.10.1966;Bundesbeschluss über die Ergänzung der Bundesverfasssung durch einen Artikel 45bis über die Auslandschweizer;Arrêté fédéral introduisant dans la constitution un article 45bis relatif aux Suisses de l'étranger;.
16.10.1966;Volksinitiative «zur Bekämpfung des Alkoholismus»;Initiative populaire relative à la lutte contre l'alcoolisme;.
02.07.1967;Volksinitiative «gegen die Bodenspekulation»;Initiative populaire contre la spéculation foncière;.
18.02.1968;Bundesbeschluss über den Erlass einer allgemeinen Steueramnestie;Arrêté fédéral concernant l'octroi d'une amnistie fiscale générale;.
19.05.1968;Bundesgesetz über die Tabakbesteuerung;Loi fédérale sur l'imposition du tabac;.
01.06.1969;Bundesgesetz über die Eidgenössischen Technischen Hochschulen;Loi fédérale sur les écoles polytechniques fédérales;.
14.09.1969;Bundesbeschluss über die Ergänzung der Bundesverfassung durch die Artikel 22ter und 22quater (Verfassungsrechtliche Ordnung des Bodenrechts);Arrêté fédéral complétant la constitution par des articles 22ter et 22quater (Dispositions constitutionnelles sur le droit foncier);.
01.02.1970;Bundesbeschluss über die inländische Zuckerwirtschaft;Arrêté fédéral sur l'économie sucrière indigène;.
07.06.1970;Volksinitiative «gegen die Überfremdung»;Initiative populaire «contre l'emprise étrangère»;Zweite «Überfremdungsinitiative», Schwarzenbach-Initiative
27.09.1970;Bundesbeschluss über die Ergänzung der Bundesverfassung durch einen Artikel 27quinquies betreffend die Förderung von Turnen und Sport;Arrêté fédéral insérant dans la constitution fédéral un article 27quinquies sur l'encouragement de la gymnastique et des sports;.
27.09.1970;Volksinitiative «Recht auf Wohnung und Ausbau des Familienschutzes»;Initiative populaire pour le droit au logement et le développement de la protection de la famille;.
15.11.1970;Bundesbeschluss über die Änderung der Finanzordnung des Bundes;Arrêté fédéral modifiant le régime des finances fédérales;.
07.02.1971;Bundesbeschluss über die Einführung des Frauenstimm- und Wahlrechts in eidgenössischen Angelegenheiten;Arrêté fédéral sur l'institution du suffrage féminin en matière fédérale;.
06.06.1971;Bundesbeschluss über die Ergänzung der Bundesverfassung durch einen Artikel 24septies betreffend den Schutz des Menschen und seiner natürlichen Umwelt gegen schädliche oder lästige Einwirkungen;Arrêté fédéral insérant dans la constitution fédérale un article 24septies sur la protection de l'homme et de son milieu naturel contre les atteintes nuisibles ou incommodantes;.
06.06.1971;Bundesbeschluss über die Weiterführung der Finanzordnung des Bundes;Arrêté fédéral concernant la prorogation du régime financier de la Confédération;.
05.03.1972;Volksinitiative «zur Bildung eines Wohnbaufonds zwecks Förderung des Wohnungsbaues, des Wohnungseigentums und für die Sicherstellung angemessener Wohnungsmietzinse» (Denner-Initiative);Arrêté fédéral portant insertion dans la constitution fédérale d'un article 34sexies sur la construction de logements et concernant l'initiative populaire en vue de la création d'un fonds pour la construction de logements (initiative Denner);.
05.03.1972;Bundesbeschluss betreffend die Ergänzung der Bundesverfassung durch einen Artikel 34sexies über den Wohnungsbau und betreffend das Volksbegehren zur Bildung eines Wohnbaufonds (Denner-Initiative, Gegenentwurf);Arrêté fédéral portant insertion dans la constitution fédérale d'un article 34sexies sur la construction de logements et concernant l'initiative populaire en vue de la création d'un fonds pour la construction de logements (initiative Denner);.
05.03.1972;Bundesbeschluss betreffend die Ergänzung der Bundesverfassung durch einen Artikel 34septies über die Allgemeinverbindlicherklärung von Mietverträgen und Massnahmen zum Schutze der Mieter;Arrêté fédéral portant insertion dans la constitution fédérale d'un article 34septies sur la déclaration de force obligatoire générale de baux à loyer et sur des mesures en vue de la protection des locataires;.
04.06.1972;Bundesbeschluss über Massnahmen zur Stabilisierung des Baumarktes;Arrêté fédéral concernant la stabilisation du marché de la construction;.
04.06.1972;Bundesbeschluss über den Schutz der Währung;Arrêté fédéral sur la sauvegarde de la monnaie;.
24.09.1972;Volksinitiative «für eine vermehrte Rüstungskontrolle und ein Waffenausfuhrverbot»;Initiative populaire pour un contrôle renforcé des industries d'armement et l'interdiction d'exportation d'armes;.
03.12.1972;Bundesbeschluss betreffend das Volksbegehren für eine wirkliche Volkspension und die Änderung der Bundesverfassung auf dem Gebiete der Alters-, Hinterlassenen- und Invalidenvorsorge (Volksinitiative);Arrêté fédéral concernant l'initiative populaire pour une véritable retraite populaire et la revision de la constitution en matière de prévoyance-vieillesse, survivants et invalidité (initiative);.
03.12.1972;Bundesbeschluss betreffend das Volksbegehren für eine wirkliche Volkspension und die Änderung der Bundesverfassung auf dem Gebiete der Alters-, Hinterlassenen- und Invalidenvorsorge (Gegenentwurf);Arrêté fédéral concernant l'initiative populaire pour une véritable retraite populaire et la revision de la constitution en matière de prévoyance-vieillesse, survivants et invalidité (contre-projet);.
03.12.1972;Bundesbeschluss über die Abkommen zwischen der Schweizerischen Eidgenossenschaft und der Europäischen Wirtschaftsgemeinschaft sowie den Mitgliedstaaten der Europäischen Gemeinschaft für Kohle und Stahl;Arrêté fédéral concernant les Accords entre la Confédération suisse et la Communauté économique européenne ainsi que les Etats membres de la Communauté européenne du charbon et de l'acier;.
04.03.1973;Bundesbeschluss über die Änderung der Bundesverfassung betreffend das Bildungswesen;Arrêté fédéral modifiant les articles de la constitution sur l'enseignement;.
04.03.1973;Bundesbeschluss über die Ergänzung der Bundesverfassung betreffend die Förderung der wissenschaftlichen Forschung;Arrêté fédéral complétant la constitution par un article sur l'encouragement de la recherche scientifique;.
20.05.1973;Bundesbeschluss über die Aufhebung des Jesuiten- und des Klosterartikels der Bundesverfassung (Art. 51 und 52);Arrêté fédéral abrogeant les articles de la constitution fédérale sur les jésuites et les couvents (art. 51 et 52);.
02.12.1973;Bundesbeschluss über Massnahmen zur Überwachung der Preise;Arrêté fédéral sur la surveillance des prix, des salaires et des bénéfices;.
02.12.1973;Bundesbeschluss über Massnahmen auf dem Gebiete des Kreditwesens;Arrêté fédéral instituant des mesures dans le domaine du crédit;.
02.12.1973;Bundesbeschluss über Massnahmen zur Stabilisierung des Baumarktes;Arrêté fédéral concernant la stabilisation du marché de la construction;.
02.12.1973;Bundesbeschluss über die Einschränkung der steuerwirksamen Abschreibungen bei den Einkommenssteuern von Bund, Kantonen und Gemeinden;Arrêté fédéral limitant les amortissements admissibles pour les impôts sur le revenu perçus par la Confédération, les cantons et les communes;.
02.12.1973;Bundesbeschluss über einen Tierschutzartikel anstelle des bisherigen Artikels 25bis der Bundesverfassung;Arrêté fédéral concernant un article sur la protection des animaux qui remplace l'article 25bis actuel de la constitution fédérale;.
20.10.1974;Volksinitiative «gegen die Überfremdung und Überbevölkerung der Schweiz»;Initiative populaire contre l'emprise étrangère et le surpeuplement de la Suisse;Dritte «Überfremdungsinitiative»
08.12.1974;Bundesbeschluss zur Verbesserung des Bundeshaushalts;Arrêté fédéral instituant des mesures propres à améliorer les finances fédérales;.
08.12.1974;Bundesbeschluss über die Erschwerung von Ausgabenbeschlüssen;Arrêté fédéral freinant les décisions en matière de dépenses;.
08.12.1974;Volksbegehren für die soziale Krankenversicherung und die Änderung der Bundesverfassung auf dem Gebiet der Kranken-, Unfall- und Mutterschaftsversicherung;Initiative populaire pour une meilleure assurance-maladie et la révision de la constitution en matière d'assurance-maladie, accidents et maternité;.
08.12.1974;Gegenentwurf zur Volksinitiative «Soziale Krankenversicherung»;Contre-projet à l'initiative populaire pour une meilleure assurance-maladie et la révision de la constitution en matière d'assurance-maladie, accidents et maternité;.
02.03.1975;Bundesbeschluss über den Konjunkturartikel der Bundesverfassung;Arrêté fédéral concernant l'article de la constitution sur la politique conjoncturelle;.
08.06.1975;Bundesbeschluss über den Schutz der Währung, Änderung vom 28. Juni 1974 (Verlängerung);Arrêté fédéral sur la sauvegarde de la monnaie. Modification du 28 juin 1974;.
08.06.1975;Bundesbeschluss über die Finanzierung der Nationalstrassen;Arrêté fédéral concernant le financement des routes nationales. Modification du 4 octobre 1974;.
08.06.1975;Bundesgesetz über die Änderung des Generalzolltarifs;Loi fédérale modifiant le tarif général des douanes;.
08.06.1975;Bundesbeschluss betreffend Erhöhung der Steuereinnahmen ab 1976;Arrêté fédéral concernant l'augmentation des recettes fiscales dès 1976;.
08.06.1975;Bundesbeschluss über die Erschwerung von Ausgabenbeschlüssen;Arrêté fédéral freinant les décisions en matière de dépenses;.
07.12.1975;Bundesbeschluss über eine Änderung der Bundesverfassung (Niederlassungsfreiheit und Unterstützungsregelung);Arrêté fédéral modifiant la constitution (liberté d'établissement et réglementation de l'assistance);.
07.12.1975;Bundesbeschluss betreffend Änderung der Bundesverfassung im Gebiete der Wasserwirtschaft;Arrêté fédéral concernant une révision de la constitution dans le domaine de l'économie des eaux;.
07.12.1975;Bundesgesetz über die Ein- und Ausfuhr von Erzeugnissen aus Landwirtschaftsprodukten;Loi fédérale sur l'importation et l'exportation de produits agricoles transformés;.
21.03.1976;Volksinitiative «für die Mitbestimmung der Arbeitnehmer»;Initiative populaire sur la participation des travailleurs;.
21.03.1976;Gegenentwurf zur Volksinitiative «für die Mitbestimmung der Arbeitnehmer»;Contre-projet à l'initiative populaire sur la participation des travailleurs;.
21.03.1976;Volksinitiative «für eine Reform des Steuerwesens (Gerechtere Besteuerung und Abschaffung der Steuerprivilegien)»;Initiative populaire fédérale en faveur d'une imposition plus équitable et de l'abolition des privilèges fiscaux;.
13.06.1976;Bundesgesetz über die Raumplanung;Loi fédérale sur l'aménagement du territoire;.
13.06.1976;Bundesbeschluss betreffend ein Abkommen zwischen der Schweiz und der Internationalen Entwicklungsorganisation (IDA) über ein Darlehen von 200 Millionen Franken;Arrêté fédéral concernant la conclusion d'un accord entre la Confédération suisse et l'Association internationale de développement (IDA) relatif à un prêt de 200 millions de francs;.
13.06.1976;Bundesbeschluss über eine Neukonzeption der Arbeitslosenversicherung;Arrêté fédéral concernant une nouvelle conception de l'assurance-chômage;.
26.09.1976;Bundesbeschluss betreffend einen Verfassungsartikel über Radio und Fernsehen;Arrêté fédéral complétant la constitution par un article sur la radiodiffusion et la télévision;.
26.09.1976;Volksinitiative «für eine Haftpflichtversicherung durch den Bund für Motorfahrzeuge und Fahrräder»;Initiative populaire en vue de l'introduction par la Confédération d'une assurance responsabilité civile pour les véhicules à moteurs et les cycles;.
05.12.1976;Bundesbeschluss über die Geld- und Kreditpolitik;Arrêté fédéral sur la politique du marché de l'argent et du crédit;.
05.12.1976;Bundesbeschluss über die Preisüberwachung;Arrêté fédéral sur la surveillance des prix;.
05.12.1976;Volksinitiative «für die Einführung der 40-Stunden-Woche»;Initiative populaire «pour l'introduction de la semaine de travail de 40 heures»;.
13.03.1977;Republikanisches Volksbegehren «zum Schutze der Schweiz» (4. Überfremdungsinitiative);Initiative populaire du Parti républicain «pour la protection de la Suisse» (4e initiative contre l'emprise étrangère);.
13.03.1977;Volksinitiative «für eine Beschränkung der Einbürgerungen»;Initiative populaire «pour une limitation du nombre annuel des naturalisations» (5e initiative contre l'emprise étrangère);Fünfte «Überfremdungsinitiative»
13.03.1977;Volksinitiative «gegen die Beschränkung des Stimmrechts bei Staatsverträgen mit dem Ausland»;Initiative populaire «contre la limitation du droit de vote lors de la conclusion de traités avec l'étranger»;.
13.03.1977;Bundesbeschluss über  die Neuordnung  des Staatsvertragsreferendums (Gegenentwurf zur Volksinitiative «gegen die Beschränkung des Stimmrechts bei Staatsverträgen mit dem Ausland»);Arrêté fédéral instituant de nouvelles dispositions sur le référendum en matière de traités internationaux (contre-projet);.
12.06.1977;Bundesbeschluss über die Neuordnung der Umsatzsteuer und der direkten Bundessteuer;Arrêté fédéral réformant le régime de l'impôt sur le chiffre d'affaires et de l'impôt fédéral direct;.
12.06.1977;Bundesbeschluss über die Steuerharmonisierung;Arrêté fédéral concernant l'harmonisation fiscale;.
25.09.1977;Volksinitiative «für einen wirksamen Mieterschutz»;Initiative populaire «pour une protection efficace des locataires»;.
25.09.1977;Gegenentwurf zur Volksinitiative «für einen wirksamen Mieterschutz»;Contre-projet à l'initiative populaire «pour une protection efficace des locataires»;.
25.09.1977;Volksinitiative «gegen die Luftverschmutzung durch Motorfahrzeuge»;Initiative populaire «contre la pollution atmosphérique causée par les véhicules à moteur»;Albatrosinitiative
25.09.1977;Bundesbeschluss über die Erhöhung der Unterschriftenzahl für das Referendum (Art. 89 und 89bis BV);Arrêté fédéral relevant le nombre de signatures requis pour le référendum (Art. 89 et 89bis cst.);.
25.09.1977;Bundesbeschluss über die Erhöhung der Unterschriftenzahl für die Verfassungsinitiative (Art. 120 und 121 BV);Arrêté fédéral relevant le nombre de signatures requis pour l'initiative constitutionnelle (Art. 120 et 121 cst.);.
25.09.1977;Volksinitiative «für die Fristenlösung»;Initiative populaire «pour la solution du délai»;.
04.12.1977;Volksinitiative «zur Steuerharmonisierung, zur stärkeren Besteuerung des Reichtums und zur Entlastung der unteren Einkommen (Reichtumssteuer-Initiative)»;Initiative populaire «en vue de l'harmonisation fiscale, d'une imposition plus forte de la richesse et du dégrèvement des bas revenus (Initiative pour l'impôt sur la richesse)»;.
04.12.1977;Bundesgesetz über die politischen Rechte;Loi fédérale sur les droits politiques;.
04.12.1977;Bundesbeschluss über die Einführung eines zivilen Ersatzdienstes;Arrêté fédéral sur l'introduction d'un service civil de remplacement;.
04.12.1977;Bundesgesetz über Massnahmen zum Ausgleich des Bundeshaushaltes;Loi fédérale instituant des mesures propres à équilibrer les finances fédérales;.
26.02.1978;Volksinitiative «für die vermehrte Mitbestimmung der Bundesversammlung und des Schweizervolkes im Nationalstrassenbau»;Initiative populaire «Démocratie dans la construction des routes nationales»;.
26.02.1978;Bundesgesetz über die Alters- und Hinterlassenenversicherung, Änderung vom 24. Juni 1977 (9. AHV-Revision);Loi fédérale sur l'assurance-vieillesse et survivants, modification du 24 juin 1977 (9e révision de l'AVS);.
26.02.1978;Volksinitiative «zur Herabsetzung des AHV-Alters»;Initiative populaire «visant à abaisser l'âge donnant droit aux prestations de l'AVS»;.
26.02.1978;Bundesbeschluss über den Konjunkturartikel der Bundesverfassung;Arrêté fédéral concernant l'article conjoncturel de la constitution;.
28.05.1978;Zeitgesetz;Loi fédérale réglementant l'heure en Suisse;.
28.05.1978;Zolltarifgesetz, Änderung vom 7. Oktober 1977;Loi sur le tarif des douanes. Modification du 7 octobre 1977;.
28.05.1978;Bundesgesetz über den Schutz der Schwangerschaft und die Strafbarkeit des Schwangerschaftsabbruchs;Loi fédérale sur la protection de la grossesse et le caractère punissable de son interruption;.
28.05.1978;Bundesgesetz über die Förderung der Hochschulen und die Forschung (HFFG);Loi fédérale sur l'aide aux hautes écoles et la recherche (LHR);.
28.05.1978;Volksinitiative «für 12 motorfahrzeugfreie Sonntage pro Jahr»;Initiative populaire «pour douze dimanches par année sans véhicules à moteur ni avions»;Burgdorfer Initiative
24.09.1978;Bundesbeschluss über die Gründung des Kantons Jura;Arrêté fédéral sur la création du canton du Jura;.
03.12.1978;Milchwirtschaftsbeschluss 1977 (MWB 1977);Arrêté sur l'économie laitière 1977 (AEL 1977);.
03.12.1978;Tierschutzgesetz (TschG);Loi fédérale sur la protection des animaux (LPA);.
03.12.1978;Bundesgesetz über die Erfüllung sicherheitspolizeilicher Aufgaben des Bundes;Loi fédérale sur l'accomplissement des tâches de la Confédération en matière de police de sécurité;.
03.12.1978;Bundesgesetz über die Berufsbildung (BBG);Loi fédérale sur la formation professionnelle (LFPr);.
18.02.1979;Bundesbeschluss über das Stimm- und Wahlrecht für 18jährige;Arrêté fédéral abaissant l'âge requis pour l'exercice du droit de vote et d'éligibilité;.
18.02.1979;Bundesbeschluss über die Volksinitiative «zur Förderung der Fuss- und Wanderwege» (Gegenentwurf);Arrêté fédéral concernant l'initiative populaire «pour le développement des chemins et sentiers» (contre-projet);.
18.02.1979;Volksinitiative «gegen Suchtmittelreklame»;Initiative populaire «contre la publicité pour des produits qui engendrent la dépendance»;.
18.02.1979;Volksinitiative «zur Wahrung der Volksrechte und der Sicherheit beim Bau und Betrieb von Atomanlagen»;Initiative populaire «pour la sauvegarde des droits populaires et de la sécurité lors de la construction et de l'exploitation d'installations atomiques»;Atomschutz-Initiative
20.05.1979;Bundesbeschluss über die Neuordnung der Umsatzsteuer und der direkten Bundessteuer;Arrêté fédéral réformant le régime de l'impôt sur le chiffre d'affaires et de l'impôt fédéral direct;.
20.05.1979;Bundesbeschluss zum Atomgesetz;Arrêté fédéral concernant la loi sur l'énergie atomique;.
02.03.1980;Volksinitiative «betreffend die vollständige Trennung von Kirche und Staat»;Initiative populaire «concernant la séparation complète de l'Etat et de l'Eglise»;.
02.03.1980;Bundesbeschluss über die Neuordnung der Landesversorgung;Arrêté fédéral concernant la nouvelle réglementation de l'approvisionnement du pays;.
30.11.1980;Bundesgesetz über den Strassenverkehr (Gurten- und Schutzhelmobligatorium);Loi fédérale sur la circulation routière, modification du 21.03.1980 (ceintures de sécurité et casques protecteurs);.
30.11.1980;Bundesbeschluss über die Aufhebung des Kantonsanteiles am Reinertrag der Stempelabgaben;Arrêté fédéral portant suppression de la quote-part des cantons au produit net des droits de timbre;.
30.11.1980;Bundesbeschluss über die Neuverteilung der Reineinnahmen der Eidgenössischen Alkoholverwaltung aus der fiskalischen Belastung der gebrannten Wasser;Arrêté fédéral fixant la nouvelle répartition des recettes nettes de la Régie fédérale des alcools provenant de l'imposition des boissons distillées;.
30.11.1980;Bundesbeschluss über die Revision der Brotgetreideordnung des Landes;Arrêté fédéral portant révision du régime du blé dans le pays;.
05.04.1981;Volksinitiative «Mitenand-Initiative für eine neue Ausländerpolitik»;Initiative populaire «être solidaires en faveur d'une nouvelle politique à l'égard des étrangers»;.
14.06.1981;Bundesbeschluss über die Volksinitiative «Gleiche Rechte für Mann und Frau» (Gegenentwurf);Arrêté fédéral concernant l'initiative populaire «pour l'égalité des droits entre hommes et femmes» (contre-projet);.
14.06.1981;Bundesbeschluss über die Volksinitiative «zur Absicherung der Rechte der Konsumenten» (Gegenentwurf);Arrêté fédéral concernant l'initiative populaire «pour la protection des droits des consommateurs» (contre-projet);.
29.11.1981;Bundesbeschluss über die Weiterführung der Finanzordnung und die Verbesserung des Bundeshaushaltes;Arrêté fédéral sur la prorogation du régime financier et l'amélioration des finances fédérales;.
06.06.1982;Schweizerisches Strafgesetzbuch (Gewaltverbrechen);Code pénal suisse, modification du 09.10.1981 (Actes de violence criminels);.
06.06.1982;Ausländergesetz;Loi sur les étrangers (LETr);.
28.11.1982;Volksinitiative «zur Verhinderung missbräuchlicher Preise»;Initiative populaire «tendant à empêcher des abus dans la formation des prix»;.
28.11.1982;Gegenentwurf zur Volksinitiative «zur Verhinderung missbräuchlicher Preise»;Contre-projet à l'initiative populaire «tendant à empêcher des abus dans la formation des prix»;.
27.02.1983;Bundesbeschluss über die Neuregelung bei den Treibstoffzöllen;Arrêté fédéral concernant une nouvelle réglementation des droits de douane sur les carburants;.
27.02.1983;Bundesbeschluss über den Energieartikel in der Bundesverfassung;Arrêté fédéral concernant l'article constitutionnel sur l'énergie;.
04.12.1983;Bundesbeschluss über Änderungen der Bürgerrechtsregelung in der Bundesverfassung;Arrêté fédéral sur la révision du droit de la nationalité dans la constitution fédérale;.
04.12.1983;Bundesbeschluss über die Erleichterung gewisser Einbürgerungen;Arrêté fédéral tendant à faciliter certaines naturalisations;.
26.02.1984;Bundesbeschluss über die Erhebung einer Schwerverkehrsabgabe;Arrêté fédéral concernant la perception d'une redevance sur le trafic des poids lourds;.
26.02.1984;Bundesbeschluss über eine Abgabe für die Benützung der Nationalstrassen;Arrêté fédéral relatif à une redevance pour l'utilisation des routes nationales;.
26.02.1984;Volksinitiative «für einen echten Zivildienst auf der Grundlage des Tatbeweises»;Initiative populaire «pour un authentique service civil fondé sur la preuve par l'acte»;.
20.05.1984;Volksinitiative «gegen den Missbrauch des Bankgeheimnisses und der Bankenmacht»;Initiative populaire «contre l'abus du secret bancaire et de la puissance des banques»;Bankeninitiative
20.05.1984;Volksinitiative «Gegen den Ausverkauf der Heimat»;Initiative populaire «Contre le bradage du sol national»;.
23.09.1984;Volksinitiative «für eine Zukunft ohne weitere Atomkraftwerke»;Initiative populaire «pour un avenir sans nouvelles centrales atomiques»;.
23.09.1984;Volksinitiative «für eine sichere, sparsame und umweltgerechte Energieversorgung»;Initiative populaire «pour un approvisionnement en énergie sûr, économique et respecteux de l'environnement»;.
02.12.1984;Volksinitiative «für einen wirksamen Schutz der Mutterschaft»;Initiative populaire «pour une protection efficace de la maternité»;.
02.12.1984;Bundesbeschluss über einen Radio- und Fernsehartikel;Arrêté fédéral concernant un article sur la radio et la télévision;.
02.12.1984;Bundesbeschluss über die Volksinitiative «zur Entschädigung der Opfer von Gewaltverbrechen»;Arrêté fédéral concernant l'initiative populaire «sur l'indemnisation des victimes d'actes de violence criminels» (contre-projet);.
10.03.1985;Bundesbeschluss über die Aufhebung der Beiträge für den Primarschulunterricht;Arrêté fédéral supprimant les subventions pour l'instruction primaire;.
10.03.1985;Bundesbeschluss über die Aufhebung der Beitragspflicht des Bundes im Gesundheitswesen;Arrêté fédéral supprimant l'obligation incombant à la Confédération d'allouer des subventions dans le domaine de la santé publique;.
10.03.1985;Bundesbeschluss über die Ausbildungsbeiträge;Arrêté fédéral sur les subsides de formation;.
10.03.1985;Volksinitiative «für eine Verlängerung der bezahlten Ferien»;Initiative populaire «pour une extension de la durée des vacances payées» (Initiative sur les vacances);.
09.06.1985;Volksinitiative «Recht auf Leben»;Initiative populaire «pour le droit à la vie»;.
09.06.1985;Bundesbeschluss über die Aufhebung des Kantonsanteiles am Reinertrag der Stempelabgaben;Arrêté fédéral supprimant la part des cantons au produit net des droits de timbre;.
09.06.1985;Bundesbeschluss über die Neuverteilung des Reinertrages aus der fiskalischen Belastung gebrannter Wasser;Arrêté fédéral fixant la nouvelle répartition des recettes nettes provenant de l'imposition des boissons distillées;.
09.06.1985;Bundesbeschluss über die Aufhebung der Unterstützung für die Selbstversorgung mit Brotgetreide;Arrêté fédéral portant suppression de l'aide aux producteurs cultivant le blé pour leurs propres besoins;.
22.09.1985;Bundesbeschluss über die Volksinitiative «für die Koordination des Schuljahrbeginns» (Gegenentwurf);Arrêté fédéral concernant l'initiative populaire «demandant l'harmonisation du début de l'année scolaire dans tous les cantons» (contre-projet);.
22.09.1985;Bundesbeschluss über die Innovationsrisikogarantie zugunsten von kleinen und mittleren Unternehmen;Arrêté fédéral instituant une garantie contre les risques à l'innovation en faveur des petites et moyennes entreprises;.
22.09.1985;Schweizerisches Zivilgesetzbuch (Wirkungen der Ehe im allgemeinen, Ehegüterrecht und Erbrecht);Code civil suisse (Effets généraux du mariage, régime matrimonial et successions), modification du 05.10.1984;.
01.12.1985;Volksinitiative «für die Abschaffung der Vivisektion»;Initiative populaire «pour la suppression de la vivisection»;.
16.03.1986;Bundesbeschluss über den Beitritt der Schweiz zur Organisation der Vereinten Nationen;Arrêté fédéral sur l'adhésion de la Suisse à l'Organisation des Nations Unies;.
28.09.1986;Volksinitiative «Eidgenössische Kulturinitiative»;Initiative populaire «en faveur de la culture»;.
28.09.1986;Gegenentwurf zur Volksinitiative «Eidgenössische Kulturinitiative»;Contre-projet à l'initiative populaire «en faveur de la culture»;.
28.09.1986;Volksinitiative «für eine gesicherte Berufsbildung und Umschulung»;Initiative populaire «pour une formation professionnelle et un recyclage garantis»;.
28.09.1986;Bundesbeschluss über die inländische Zuckerwirtschaft;Arrêté fédéral sur l'économie sucrière indigène, modification du 21.06.1985;.
07.12.1986;Bundesbeschluss über die Volksinitiative «für Mieterschutz» (Gegenentwurf);Arrêté fédéral concernant l'initiative populaire «pour la protection des locataires» (contre-projet);.
07.12.1986;Volksinitiative «für eine gerechte Besteuerung des Schwerverkehrs (Schwerverkehrsabgabe)»;Initiative populaire «pour une juste imposition du trafic des poids lourds (redevance sur les poids lourds)»;.
05.04.1987;Asylgesetz, Änderung vom 20. Juni 1986;Loi sur l'asile, modification du 20.06.1986;.
05.04.1987;Bundesgesetz über Aufenthalt und Niederlassung der Ausländer, Änderung vom 20. Juni 1986;Loi fédérale sur le séjour et l'établissement des étrangers, modification du 20.06.1986;.
05.04.1987;Volksinitiative «für die Mitsprache des Volkes bei Militärausgaben (Rüstungsreferendum)»;Initiative populaire «demandant le droit de référendum en matière de dépenses militaires»;.
05.04.1987;Bundesbeschluss über das Abstimmungsverfahren bei Volksinitiativen mit Gegenentwurf;Arrêté fédéral concernant la procédure de vote relative aux initiatives populaires accompagnées d'un contre-projet;.
06.12.1987;Bundesbeschluss betreffend das Konzept BAHN 2000;Arrêté fédéral concernant le projet RAIL 2000;.
06.12.1987;Änderung des Bundesgesetzes über die Krankenversicherung;Modification de la loi fédérale sur l'assurance-maladie;Mutterschaftsversicherung
06.12.1987;Volksinitiative «zum Schutz der Moore - Rothenthurm-Initiative»;Initiative populaire «pour la protection des marais - Initiative de Rothenthurm»;.
12.06.1988;Bundesbeschluss über die Verfassungsgrundlagen für eine koordinierte Verkehrspolitik;Arrêté fédéral relatif à la modification de la constitution fédérale visant à créer les bases d'une politique coordonnée des transports;.
12.06.1988;Volksinitiative «zur Herabsetzung des AHV-Rentenalters auf 62 Jahre für Männer und 60 Jahre für Frauen»;Initiative populaire «visant à abaisser à 62 ans pour les hommes et à 60 ans pour les femmes l'âge donnant droit à la rente AVS»;.
04.12.1988;Volksinitiative «Stadt-Land-Initiative gegen die Bodenspekulation»;Initiative populaire «ville-campagne contre la spéculation foncière»;.
04.12.1988;Volksinitiative «zur Herabsetzung der Arbeitszeit»;Initiative populaire «pour la réduction de la durée du travail»;.
04.12.1988;Volksinitiative «für die Begrenzung der Einwanderung»;Initiative populaire «pour la limitation de l'immigration»;.
04.06.1989;Volksinitiative «für ein naturnahes Bauern - gegen Tierfabriken (Kleinbauern-Initiative)»;Initiative populaire «pour une protection des exploitations paysannes et contre les fabriques d'animaux (Initiative en faveur des petits paysans)»;.
26.11.1989;Volksinitiative «für eine Schweiz ohne Armee und für eine umfassende Friedenspolitik»;Initiative populaire «pour une Suisse sans armée et pour une politique globale de paix»;.
26.11.1989;Volksinitiative «pro Tempo 130/100»;Initiative populaire «pro vitesse 130/100»;.
01.04.1990;Volksinitiative «Stopp dem Beton - für eine Begrenzung des Strassenbaus!»;Initiative populaire «Halte au bétonnage - pour une stabilisation du réseau routier»;.
01.04.1990;Volksinitiative «für eine autobahnfreie Landschaft zwischen Murten und Yverdon»;Initiative populaire «pour une région sans autoroute entre Morat et Yverdon»;Kleeblatt-Initiativen
01.04.1990;Volksinitiative «für ein autobahnfreies Knonauer Amt»;Initiative populaire «pour un district du Knonau sans autoroute»;Kleeblatt-Initiativen
01.04.1990;Volksinitiative «für eine freie Aarelandschaft zwischen Biel und Solothurn/Zuchwil»;Initiative populaire «contre la construction d'une autoroute entre Bienne et Soleure / Zuchwil»;Kleeblatt-Initiativen
01.04.1990;Bundesbeschluss über den Rebbau;Arrêté fédéral sur la viticulture;.
01.04.1990;Bundesgesetz über die Organisation der Bundesrechtspflege;Loi fédérale d'organisation judiciaire, modification du 23.06.1989;.
23.09.1990;Volksinitiative «für den Ausstieg aus der Atomenergie»;Initiative populaire «pour un abandon progressif de l'énergie atomique»;.
23.09.1990;Volksinitiative «Stopp dem Atomkraftwerkbau (Moratorium)»;Initiative populaire «Halte à la construction de centrales nucléaires (moratoire)»;.
23.09.1990;Bundesbeschluss über den Energieartikel in der Bundesverfassung;Arrêté fédéral relatif à un article constitutionnel sur l'énergie;.
23.09.1990;Bundesgesetz über den Strassenverkehr;Loi fédérale sur la circulation routière (LCR), modification du 06.10.1989;.
03.03.1991;Bundesbeschluss über die Herabsetzung des Stimm- und Wahlrechtsalters auf 18 Jahre;Arrêté fédéral abaissant à 18 ans l'âge requis pour l'exercice du droit de vote et d'éligibilité;.
03.03.1991;Volksinitiative «zur Förderung des öffentlichen Verkehrs»;Initiative populaire «pour l'encouragement des transports publics»;.
02.06.1991;Bundesbeschluss über die Neuordnung der Bundesfinanzen;Arrêté fédéral sur le nouveau régime des finances fédérales;.
02.06.1991;Militärstrafgesetz (MStG);Code pénal militaire (CPM). Modification du 5 octobre 1990;Dienstverweigerung
16.02.1992;Volksinitiative «für eine finanziell tragbare Krankenversicherung (Krankenkasseninitiative)»;Initiative populaire «pour une assurance-maladie financièrement supportable (Initiative des caisses-maladie)»;.
16.02.1992;Volksinitiative «zur drastischen und schrittweisen Einschränkung der Tierversuche (Weg vom Tierversuch!)»;Initiative populaire «pour une réduction stricte et progressive des expériences sur les animaux (Limitons strictement l'expérimentation animale!)»;.
17.05.1992;Bundesbeschluss über den Beitritt der Schweiz zu den Institutionen von Bretton Woods;Arrêté fédéral concernant l'adhésion de la Suisse aux institutions de Bretton Woods;.
17.05.1992;Bundesgesetz über die Mitwirkung der Schweiz an den Institutionen von Bretton Woods;Loi fédérale concernant la participation de la Suisse aux institutions de Bretton Woods;.
17.05.1992;Bundesgesetz über den Schutz der Gewässer (Gewässerschutzgesetz, GSchG);Loi fédérale sur la protection des eaux (LEaux);.
17.05.1992;Volksinitiative «zur Rettung unserer Gewässer»;Initiative populaire «pour la sauvegarde de nos eaux»;.
17.05.1992;Gegenentwurf der Bundesversammlung zur Volksinitiative «gegen Missbräuche der Fortpflanzungs- und Gentechnologie beim Menschen»;Arrêté fédéral concernant l'initiative populaire «contre l'application abusive des techniques de reproduction et de manipulation génetique à l'espèce humaine» (contre-projet);.
17.05.1992;Bundesbeschluss über die Einführung eines Zivildienstes für Dienstverweigerer;Arrêté fédéral pour l'introduction d'un service civil pour les objecteurs de conscience;.
17.05.1992;Schweizerisches Strafgesetzbuch, Militärstrafgesetz (Strafbare Handlungen gegen die sexuelle Integrität);Code pénal suisse. Code pénal militaire (Infraction contre l'intégrité sexuelle): Modification du 21 juin 1991;.
27.09.1992;Bundesbeschluss über den Bau der schweizerischen Eisenbahn-Alpentransversale (Alpentransit-Beschluss);Arrêté fédéral relatif à la construction de la ligne ferroviarie suisse à travers les Alpes (Arrêté sur le transit alpin);.
27.09.1992;Bundesgesetz über den Geschäftsverkehr der Bundesversammlung sowie über die Form, die Bekanntmachung und das Inkrafttreten ihrer Erlasse (Geschäftsverkehrsgesetz);Modification de la loi fédérale sur la procédure de l'Assemblée fédérale, ainsi que sur la forme, la publication et l'entrée en vigueur des actes législatifs (Loi sur les rapports entre les conseils);.
27.09.1992;Bundesgesetz über die Bezüge der Mitglieder der eidgenössischen Räte und über die Beiträge an die Fraktionen (Entschädigungsgesetz);Loi fédérale sur les indemnités dues aux membres des conseils législatifs et sur les contributions aux groupes (Loi sur les indemnités parlementaires);.
27.09.1992;Bundesgesetz über die Beiträge an die Infrastrukturkosten der Fraktionen und der Mitglieder der eidgenössischen Räte (Infrastrukturgesetz);Loi fédérale sur les contributions destinées à couvrir les coûts d'infrastructures des groupes et des députés (Loi sur les coûts d'infrastructures);.
27.09.1992;Bundesgesetz über die Stempelabgaben;Modification de la loi fédérale sur les droits de timbre;.
27.09.1992;Bundesgesetz über das bäuerliche Bodenrecht;Loi fédérale sur le droit foncier rural (LDFR);.
06.12.1992;Bundesbeschluss über den Europäischen Wirtschaftsraum (EWR);Arrêté fédéral sur l'espace économique européen (EEE);.
07.03.1993;Bundesgesetz über die Erhöhung des Treibstoffzolles;Loi fédérale concernant l'augmentation des droits d'entrée sur les carburants;.
07.03.1993;Bundesbeschluss über die Aufhebung des Spielbankenverbots;Arrêté fédéral supprimant l'interdiction des maisons de jeu;.
07.03.1993;Volksinitiative «zur Abschaffung der Tierversuche»;Initiative populaire «pour l'abolition des expériences sur animaux»;.
06.06.1993;Volksinitiative «40 Waffenplätze sind genug - Umweltschutz auch beim Militär»;Initiative populaire «40 places d'armes ça suffit! - L'armée doit aussi se soumettre à la législation sur la protection de l'environnement»;Waffenplatz-Initiative
06.06.1993;Volksinitiative «für eine Schweiz ohne neue Kampfflugzeuge»;Initiative populaire «pour une Suisse sans nouveaux avions de combat»;F/A-18-Initiative
26.09.1993;Bundesbeschluss gegen den Waffenmissbrauch;Arrêté fédéral contre l'usage abusif d'armes;.
26.09.1993;Bundesbeschluss über den Anschluss des bernischen Amtsbezirks Laufen an den Kanton Basel-Landschaft;Arrêté fédéral sur le rattachement du district bernois de Laufon au canton de Bâle-Campagne;.
26.09.1993;Volksinitiative «für einen arbeitsfreien Bundesfeiertag (1. August-Initiative)»;Initiative populaire fédérale «pour un jour de la fête nationale férié (Initiative '1er août')»;.
26.09.1993;Bundesbeschluss über befristete Massnahmen gegen die Kostensteigerung in der Krankenversicherung;Arrêté fédéral sur des mesures temporaires contre le renchérissement de l'assurance-maladie;.
26.09.1993;Bundesbeschluss über Massnahmen in der Arbeitslosenversicherung;Arrêté fédéral sur les mesures en matière d'assurance-chômage;.
28.11.1993;Bundesbeschluss über die Finanzordnung;Arrêté fédéral sur le régime financier;.
28.11.1993;Bundesbeschluss über einen Beitrag zur Gesundung der Bundesfinanzen;Arrêté fédéral concernant la contribution à l'assainissement des finances fédérales;.
28.11.1993;Bundesbeschluss über Massnahmen zur Erhaltung der Sozialversicherung;Arrêté fédéral prévoyant des mesures garantissant le maintien de la sécurité sociale;.
28.11.1993;Bundesbeschluss über besondere Verbrauchssteuern;Arrêté fédéral sur les impôts de consommation spéciaux;.
28.11.1993;Volksinitiative «zur Verminderung der Alkoholprobleme»;Initiative populaire «pour la prévention des problèmes liés à l'alcool»;Zwillings-Initiative
28.11.1993;Volksinitiative «zur Verminderung der Tabakprobleme»;Initiative populaire «pour la prévention des problèmes liés au tabac»;Zwillings-Initiative
20.02.1994;Bundesbeschluss über die Weiterführung der Nationalstrassenabgabe;Arrêté fédéral concernant la prorogation de la redevance pour l'utilisation des routes nationales;.
20.02.1994;Bundesbeschluss über die Weiterführung der Schwerverkehrsabgabe;Arrêté fédéral concernant la prorogation de la redevance sur le trafic des poids lourds;.
20.02.1994;Bundesbeschluss über die Einführung einer leistungs- oder verbrauchsabhängigen Schwerverkehrsabgabe;Arrêté fédéral concernant l'introduction d'une redevance sur le trafic de poids lourds liée, soit aux prestations, soit à la consommation du 18 juin 1993;.
20.02.1994;Volksinitiative «zum Schutze des Alpengebietes vor dem Transitverkehr»;Initiative populaire «pour la protection des régions alpines contre le trafic de transit»;.
20.02.1994;Luftfahrtgesetz, Änderung vom 18. Juni 1993;Loi sur la navigation aérienne (LNA). Modification du 18 juin 1993;.
12.06.1994;Bundesbeschluss über einen Kulturförderungsartikel in der Bundesverfassung (Art. 27septies BV);Arrêté fédéral concernant l'introduction dans la constitution fédérale d'un article sur l'encouragement de la culture (art. 27septies cst.);.
12.06.1994;Bundesbeschluss über die Revision der Bürgerrechtsregelung in der Bundesverfassung (Erleichterte Einbürgerung für junge Ausländer);Arrêté fédéral sur la révision du droit de la nationalité dans la constitution fédérale (Naturalisation facilitée pour les jeunes étrangers);.
12.06.1994;Bundesgesetz über schweizerische Truppen für friedenserhaltende Operationen (BTFO);Loi fédérale concernant les troupes suisses chargées d'opération en faveur du maintien de la paix (LOMP);.
25.09.1994;Bundesbeschluss über die Aufhebung der Verbilligung von inländischem Brotgetreide aus Zolleinnahmen;Arrêté fédéral supprimant la réduction du prix du blé indigène financée par les droits de douane;.
25.09.1994;Schweizerisches Strafgesetzbuch, Militärstrafgesetz. Änderung vom 18. Juni 1993;Code pénal suisse. Code pénal militaire. Modification du 18 juin 1993;Antirassismusgesetz
04.12.1994;Bundesgesetz über die Krankenversicherung (KVG);Loi fédérale sur l'assurance-maladie (LAMal);.
04.12.1994;Volksinitiative «für eine gesunde Krankenversicherung»;Initiative populaire «pour une saine assurance-maladie»;.
04.12.1994;Bundesgesetz über Zwangsmassnahmen im Ausländerrecht;Loi fédérale sur les mesures de contrainte en matière de droit des étrangers;.
12.03.1995;Gegenentwurf der Bundesversammlung zur Volksinitiative «für eine umweltgerechte und leistungsfähige bäuerliche Landwirtschaft»;Arrêté fédéral concernant l'initiative populaire «pour une agriculture paysanne compétitive et respectueuse de l'environnement» (contre-projet);.
12.03.1995;Milchwirtschaftsbeschluss 1988 (MWB 1988);Arrêté sur l'économie laitière 1988 (AEL 1988). Modification du 18 mars 1994;.
12.03.1995;Landwirtschaftsgesetz;Loi fédérale sur l'agriculture. Modification du 8 octobre 1993;.
12.03.1995;Bundesbeschluss über eine Ausgabenbremse;Arrêté fédéral instituant un frein aux dépenses;.
25.06.1995;Bundesgesetz über die Alters- und Hinterlassenenversicherung;Loi fédérale sur l'assurance-vieillesse et survivants (LAVS). Modification du 7 octobre 1994 (10e révision de l'AVS);.
25.06.1995;Volksinitiative «zum Ausbau von AHV und IV»;Initiative populaire «pour l'extension de l'AVS et de l'AI»;.
25.06.1995;Bundesgesetz über den Erwerb von Grundstücken durch Personen im Ausland;Loi fédérale sur l'acquisition d'immeubles par des personnes à l'étranger (LFAIE);Lockerung Lex Friedrich
10.03.1996;Bundesbeschluss über die Revision des Sprachenartikels in der Bundesverfassung (Art. 116 BV);Arrêté fédéral concernant la révision de l'article constitutionnel sur les langues (art. 116 cst.);.
10.03.1996;Bundesbeschluss über den Uebertritt der bernischen Gemeinde Vellerat zum Kanton Jura;Arrêté fédéral sur le transfert de la commune bernoise de Vellerat au canton du Jura;.
10.03.1996;Bundesbeschluss über die Aufhebung der kantonalen Zuständigkeit im Bereich der persönlichen Ausrüstung der Armeeangehörigen;Arrêté fédéral supprimant la compétence cantonale en matière d'acquisition de l'équipement personnel des militaires;.
10.03.1996;Bundesbeschluss über die Aufhebung der Pflicht zum Ankauf von Brennapparaten und zur Übernahme von Branntwein;Arrêté fédéral concernant l'abrogation de l'obligation de rachat des appareils à distiller et de prise en charge de l'eau-de-vie;.
10.03.1996;Bundesbeschluss über die Aufhebung der Bundesbeiträge an Bahnhofparkplatzanlagen;Arrêté fédéral concernant la suppression des contributions fédérales aux places de stationnement près des gares;.
09.06.1996;Gegenentwurf der Bundesversammlung zur Volksinitiative «Bauern und Konsumenten - für eine naturnahe Landwirtschaft»;Contre-projet de l'Assemblée fédérale relatif à l'initiative populaire «Paysans et consommateurs - pour une agriculture en accord avec la nature»;.
09.06.1996;Regierungs- und Verwaltungsorganisationsgesetz (RVOG);Loi sur l'organisation du gouvernement et de l'administration (LOGA);.
01.12.1996;Volksinitiative «gegen die illegale Einwanderung»;Initiative populaire «contre l'immigration clandestine»;.
01.12.1996;Bundesgesetz über die Arbeit in Industrie, Gewerbe und Handel (Arbeitsgesetz), Änderung vom 22. März 1996;Loi fédérale sur le travail dans l'industrie, l'artisanat et le commerce (Loi sur le travail), modification du 22 mars 1996;.
08.06.1997;Volksinitiative «EU-Beitrittsverhandlungen vors Volk!»;Initiative populaire «Négociations d'adhésion à l'UE: que le peuple décide!»;.
08.06.1997;Volksinitiative «für ein Verbot der Kriegsmaterialausfuhr»;Initiative populaire «pour l'interdiction d'exporter du matériel de guerre»;.
08.06.1997;Bundesbeschluss über die Aufhebung des Pulverregals;Arrêté fédéral concernant la suppression de la régale des poudres;.
28.09.1997;Bundesbeschluss über die Finanzierung der Arbeitslosenversicherung;Arrêté fédéral sur le financement de l'assurance-chômage;.
28.09.1997;Volksinitiative «Jugend ohne Drogen»;Initiative populaire «Jeunesse sans drogue»;.
07.06.1998;Bundesbeschluss über Massnahmen zum Haushaltausgleich;Arrêté fédéral instituant des mesures visant à équilibrer le budget;.
07.06.1998;Volksinitiative «zum Schutz von Leben und Umwelt vor Genmanipulation (Gen-Schutz-Initiative)»;Initiative populaire «pour la protection de la vie et de l'environnement contre les manipulations génétiques (Initiative pour la protection génétique)»;.
07.06.1998;Volksinitiative «S.o.S. - Schweiz ohne Schnüffelpolizei»;Initiative populaire «S.o.S. - pour une Suisse sans police fouineuse»;.
27.09.1998;Bundesgesetz über eine leistungsabhängige Schwerverkehrsabgabe;Loi fédérale concernant une redevance sur le trafic des poids lourds liée aux prestations (Loi relative à une redevance sur le trafic des poids lourds, LRPL);.
27.09.1998;Volksinitiative «für preisgünstige Nahrungsmittel und ökologische Bauernhöfe»;Initiative populaire «pour des produits alimentaires bon marché et des exploitations agricoles écologiques»;.
27.09.1998;Volksinitiative «für die 10. AHV-Revision ohne Erhöhung des Rentenalters»;Initiative populaire «pour la 10e révision de l'AVS sans relèvement de l'âge de la retraite»;.
29.11.1998;Bundesbeschluss über Bau und Finanzierung von Infrastrukturvorhaben des öffentlichen Verkehrs;Arrêté fédéral relatif à la réalisation et au financement des projets d'infrastructure des transports publics;.
29.11.1998;Bundesbeschluss über einen befristet geltenden, neuen Getreideartikel;Arrêté fédéral sur un nouvel article céréalier de durée limitée;.
29.11.1998;Volksinitiative «für eine vernünftige Drogenpolitik»;Initiative populaire «pour une politique raisonnable en matière de drogue»;Droleg-Initiative
29.11.1998;Bundesgesetz über die Arbeit in Industrie, Gewerbe und Handel;Loi fédérale sur le travail dans l'industrie, l'artisanat et le commerce (Loi sur le travail);.
07.02.1999;Bundesbeschluss über die Änderung der Voraussetzung für die Wählbarkeit in den Bundesrat;Arrêté fédéral concernant la modification des conditions d'éligibilité au Conseil fédéral;.
07.02.1999;Bundesbeschluss betreffend die Verfassungsbestimmung über die Transplantationsmedizin;Arrêté fédéral concernant un article constitutionnel sur la médecine de la transplantation;.
07.02.1999;Volksinitiative «Wohneigentum für alle»;Initiative populaire «Propriété du logement pour tous»;.
07.02.1999;Bundesgesetz über die Raumplanung;Loi fédérale sur l'aménagement du territoire;.
18.04.1999;Bundesbeschluss über eine neue Bundesverfassung;Arrêté fédéral relatif à une mise à jour de la Constitution fédérale;.
13.06.1999;Asylgesetz;Loi sur l'asile;.
13.06.1999;Bundesbeschluss über dringliche Massnahmen im Asyl- und Ausländerbereich;Arrêté fédéral sur les mesures d'urgence dans le domaine de l'asile et des étrangers;.
13.06.1999;Bundesbeschluss über die ärztliche Verschreibung von Heroin;Arrêté fédéral sur la prescription médicale d'héroïne;.
13.06.1999;Bundesgesetz über die Invalidenversicherung;Loi fédérale sur l'assurance-invalidité;Abschaffung der Viertelsrente
13.06.1999;Bundesgesetz über die Mutterschaftsversicherung;Loi fédérale sur l'assurance-maternité;.
12.03.2000;Bundesbeschluss über die Justizreform;Arrêté fédéral relatif à la réforme de la justice;.
12.03.2000;Volksinitiative «für die Beschleunigung der direkten Demokratie (Behandlungsfristen für Volksinitiativen in Form eines ausgearbeiteten Entwurfs)»;Initiative populaire «pour une démocratie directe plus rapide (délai de traitement des initiatives populaires présentées sous forme de projet rédigé de toutes pièces)»;.
12.03.2000;Volksinitiative «für eine gerechte Vertretung der Frauen in den Bundesbehörden (Initiative 3. März)»;Initiative populaire «pour une représentation équitable des femmes dans les autorités fédérales (initiative du 3 mars)»;Quoten-Initiative
12.03.2000;Volksinitiative «zum Schutze des Menschen vor Manipulationen in der Fortpflanzungstechnologie (Initiative für menschenwürdige Fortpflanzung [FMF])»;Initiative populaire «pour la protection de l'être humain contre les techniques de reproduction artificielle (initiative pour une procréation respectant la dignité humaine [PPD])»;.
12.03.2000;Volksinitiative «für die Halbierung des motorisierten Strassenverkehrs zur Erhaltung und Verbesserung von Lebensräumen (Verkehrshalbierungs-Initiative)»;Initiative populaire «visant à réduire de moitié le trafic routier motorisé afin de maintenir et d'améliorer des espaces vitaux (initiative pour la réduction du trafic)»;.
21.05.2000;Bundesbeschluss über die Genehmigung der sektoriellen Abkommen zwischen der Schweizerischen Eidgenossenschaft einerseits und der Europäischen Gemeinschaft andererseits;Arrêté fédéral portant approbation des accords sectoriels entre, d'une part, la Confédération suisse et, d'autre part, la Communauté européenne ainsi que, le cas échéant, ses Etats membres ou la Communauté européenne de l'énergie atomique;Bilaterale Abkommen I
24.09.2000;Volksinitiative «für einen Solarrappen (Solar-Initiative)»;Initiative populaire «pour l'introduction d'un centime solaire (initiative solaire)»;.
24.09.2000;Verfassungsartikel über eine Förderabgabe für erneuerbare Energien;Article constitutionnel sur une redevance pour l'encouragement des énergies renouvelables (contre-projet à l'initiative populaire «pour l'introduction d'un centime solaire (Initiative solaire)»);Gegenentwurf zur Solarinitiative
24.09.2000;Stichfrage zur Volksinitiative «für einen Solarrappen (Solar-Initiative)» und zum Gegenentwurf dazu (Förderabgabe für erneuerbare Energien);Question subsidiaire sur l'initiative «pour l'introduction d'un centime solaire (Initiative solaire)» et le contre-projet («Article constitutionnel sur une redevance pour l'encouragement des énergies renouvelables»);.
24.09.2000;Verfassungsartikel über eine Energielenkungsabgabe für die Umwelt;Article constitutionnel relatif à une redevance incitative sur l'énergie en faveur de l'environnement;Gegenentwurf zur zurückgezogenen «Energie-Umwelt-Initiative»
24.09.2000;Volksinitiative «für eine Regelung der Zuwanderung»;Initiative populaire «pour une réglementation de l'immigration»;18-Prozent-Initiative
24.09.2000;Volksinitiative «Mehr Rechte für das Volk dank dem Referendum mit Gegenvorschlag»;Initiative populaire «pour davantage de droits au peuple grâce au référendum avec contre-proposition (Référendum constructif)»;.
26.11.2000;Volksinitiative «für eine Flexibilisierung der AHV - gegen die Erhöhung des Rentenalters für Frauen»;Initiative populaire «pour un assouplissement de l'AVS - contre le relèvement de l'âge de la retraite des femmes»;.
26.11.2000;Volksinitiative «für ein flexibles Rentenalter ab 62 für Frau und Mann»;Initiative populaire «pour une retraite à la carte dès 62 ans, tant pour les femmes que pour les hommes»;.
26.11.2000;Volksinitiative «Sparen beim Militär und der Gesamtverteidigung - für mehr Frieden und zukunftsgerichtete Arbeitsplätze (Umverteilungsinitiative)»;Initiative populaire «Economiser dans l'armée et la défense générale - pour davantage de paix et d'emplois d'avenir (Initiative en faveur d'une redistribution des dépenses)»;.
26.11.2000;Volksinitiative «für tiefere Spitalkosten»;Initiative populaire «pour des coûts hospitaliers moins élevés»;.
26.11.2000;Bundespersonalgesetz;Loi sur le personnel de la Confédération;.
04.03.2001;Volksinitiative «Ja zu Europa!»;Initiative populaire «Oui à l'Europe!»;.
04.03.2001;Volksinitiative «für tiefere Arzneimittelpreise»;Initiative populaire «pour des médicaments à moindre prix»;.
04.03.2001;Volksinitiative «für mehr Verkehrssicherheit durch Tempo 30 innerorts mit Ausnahmen (Strassen für alle)»;Initiative populaire «pour plus de sécurité à l'intérieur des localités grâce à une vitesse maximale de 30 km/h assortie d'exceptions (Rues pour tous)»;.
10.06.2001;Bundesgesetz über die Armee und die Militärverwaltung (Bewaffnung);Modification de la loi fédérale sur l'armée et l'administration militaire (LAAM) (Armement);.
10.06.2001;Bundesgesetz über die Armee und die Militärverwaltung (Ausbildungszusammenarbeit);Modification de la loi fédérale sur l'armée et l'administration militaire (LAAM) (Coopération en matière d'instruction);.
10.06.2001;Bundesbeschluss über die Aufhebung der Genehmigungspflicht für die Errichtung von Bistümern;Arrêté fédéral portant abrogation de la disposition constitutionnelle soumettant l'érection des évêchés à l'approbation de la Confédération;.
02.12.2001;Bundesbeschluss über eine Schuldenbremse;Arrêté fédéral concernant un frein à l'endettement;.
02.12.2001;Volksinitiative «für eine gesicherte AHV - Energie statt Arbeit besteuern!»;Initiative populaire «pour garantir l'AVS - taxer l'énergie et non le travail!»;.
02.12.2001;Volksinitiative «für eine glaubwürdige Sicherheitspolitik und eine Schweiz ohne Armee»;Initiative populaire «pour une politique de sécurité crédible et une Suisse sans armée»;.
02.12.2001;Volksinitiative «Solidarität schafft Sicherheit: Für einen freiwilligen zivilen Friedensdienst (ZFD)»;Initiative populaire «La solidarité crée la sécurité: pour un service civil volontaire pour la paix (SCP)»;.
02.12.2001;Volksinitiative «für eine Kapitalgewinnsteuer»;Initiative populaire «pour un impôt sur les gains en capital»;.
03.03.2002;Volksinitiative «für den Beitritt der Schweiz zur Organisation der Vereinten Nationen (UNO)»;Initiative populaire «pour l'adhésion de la Suisse à l'Organisation des Nations Unies (ONU)»;.
03.03.2002;Volksinitiative «für eine kürzere Arbeitszeit»;Initiative populaire «pour une durée du travail réduite»;.
02.06.2002;Schweizerisches Strafgesetzbuch (Schwangerschaftsabbruch, Fristenregelung);Modification du code pénal suisse (Interruption de grossesse);.
02.06.2002;Volksinitiative «für Mutter und Kind - für den Schutz des ungeborenen Kindes und für die Hilfe an seine Mutter in Not»;Initiative populaire «pour la mère et l'enfant - pour la protection de l'enfant à naître et pour l'aide à sa mère dans la détresse»;.
22.09.2002;Volksinitiative «Überschüssige Goldreserven in den AHV-Fonds»;Initiative populaire «pour le versement au fonds AVS des réserves d'or excédentaires de la Banque nationale suisse (Initiative sur l'or)»;.
22.09.2002;«Gold für AHV, Kantone und Stiftung» (Gegenentwurf zur Goldinitiative);«L'or à l’AVS, aux cantons et à la Fondation» (contre-projet à l'initiative sur l'or);.
22.09.2002;Stichfrage zur Volksinitiative «Überschüssige Goldreserven in den AHV-Fonds» und zum Gegenentwurf («Gold für AHV, Kantone und Stiftung»);Question subsidiaire sur l'initiative «pour le versement au fonds AVS des réserves d'or excédentaires de la Banque nationale suisse (Initiative sur l'or)» et le contre-projet («L'or à l’AVS, aux cantons et à la Fondation»);.
22.09.2002;Elektrizitätsmarktgesetz;Loi sur le marché de l'électricité;.
24.11.2002;Volksinitiative «gegen Asylrechtsmissbrauch»;Initiative populaire «contre les abus dans le droit d'asile»;.
24.11.2002;Änderung des Bundesgesetzes über die obligatorische Arbeitslosenversicherung und die Insolvenzentschädigung (Arbeitslosenversicherungsgesetz, AVIG);Modification de la loi fédérale sur l'assurance-chômage obligatoire et l'indemnité en cas d'insolvabilité (Loi sur l'assurance-chômage, LACI);.
09.02.2003;Bundesbeschluss über die Änderung der Volksrechte;Arrêté fédéral relatif à la révision des droits populaires;.
09.02.2003;Bundesgesetz über die Anpassung der kantonalen Beiträge für die innerkantonalen stationären Behandlungen nach dem Bundesgesetz über die Krankenversicherung;Loi fédérale sur l'adaptation des participations cantonales aux coûts des traitements hospitaliers dispensés dans le canton selon la loi fédérale sur l'assurance-maladie;.
18.05.2003;Änderung des Bundesgesetzes über die Armee und die Militärverwaltung (Militärgesetz, MG);Loi fédérale sur l'armée et l'administration militaire (Loi sur l'armée, LAAM). Modification;.
18.05.2003;Bundesgesetz über den Bevölkerungsschutz und den Zivilschutz;Loi fédérale sur la protection de la population et sur la protection civile;.
18.05.2003;Volksinitiative «Ja zu fairen Mieten»;Initiative populaire «pour des loyers loyaux»;.
18.05.2003;Volksinitiative «für einen autofreien Sonntag pro Jahreszeit - ein Versuch für vier Jahre (Sonntags-Initiative)»;Initiative populaire «Pour un dimanche sans voitures par saison - un essai limité à quatre ans (Initiative des dimanches)»;.
18.05.2003;Volksinitiative «Gesundheit muss bezahlbar bleiben (Gesundheitsinitiative)»;Initiative populaire «La santé à un prix abordable (Initiative-santé)»;.
18.05.2003;Volksinitiative «Gleiche Rechte für Behinderte»;Initiative populaire «Droits égaux pour les personnes handicapées»;.
18.05.2003;Volksinitiative «Strom ohne Atom - Für eine Energiewende und die schrittweise Stilllegung der Atomkraftwerke»;Initiative populaire «Sortir du nucléaire - Pour un tournant dans le domaine de l'énergie et pour la désaffectation progressive des centrales nucléaires»;.
18.05.2003;Volksinitiative «MoratoriumPlus - Für die Verlängerung des Atomkraftwerk-Baustopps und die Begrenzung des Atomrisikos»;Initiative populaire «Moratoire-plus - Pour la prolongation du moratoire dans la construction de centrales nucléaires et la limitation du risque nucléaire»;.
18.05.2003;Volksinitiative «für ein ausreichendes Berufsbildungsangebot (Lehrstellen-Initiative)»;Initiative populaire «Pour une offre appropriée en matière de formation professionnelle (Initiative pour des places d'apprentissage)»;.
08.02.2004;Gegenentwurf zur Volksinitiative «Avanti - für sichere und leistungsfähige Autobahnen»;Contre-projet relatif à l'initiative populaire «Avanti – pour des autoroutes sûres et performantes»;Avanti plus
08.02.2004;Änderung des Obligationenrechts (Miete);Modification du code des obligations (Bail à loyer);.
08.02.2004;Volksinitiative «Lebenslange Verwahrung für nicht therapierbare, extrem gefährliche Sexual- und Gewaltstraftäter»;Initiative populaire «Internement à vie pour les délinquants sexuels ou violents jugés très dangereux et non amendables»;Verwahrungsinitiative
16.05.2004;Bundesgesetz über die Alters- und Hinterlassenenversicherung (11. AHV-Revision);Modification de la loi fédérale sur l’assurance-vieillesse et survivants (LAVS) (11e révision de l’AVS);.
16.05.2004;Bundesbeschluss über die Finanzierung der AHV/IV durch Anhebung der Mehrwertsteuersätze;Arrêté fédéral sur le financement de l'AVS/AI par le biais d'un relèvement de la taxe sur la valeur ajoutée;.
16.05.2004;Bundesgesetz über die Änderung von Erlassen im Bereich der Ehe- und Familienbesteuerung, der Wohneigentumsbesteuerung und der Stempelabgaben;Loi fédérale sur la modification d’actes concernant l’imposition du couple et de la famille, l’imposition du logement et les droits de timbre;.
26.09.2004;Bundesbeschluss über die ordentliche Einbürgerung sowie über die erleichterte Einbürgerung junger Ausländerinnen und Ausländer der zweiten Generation;Arrêté fédéral sur la naturalisation ordinaire et sur la naturalisation facilitée des jeunes étrangers de la deuxième génération;.
26.09.2004;Bundesbeschluss über den Bürgerrechtserwerb von Ausländerinnen und Ausländern der dritten Generation;Arrêté fédéral sur l'acquisition de la nationalité par les étrangers de la troisième génération;.
26.09.2004;Volksinitiative «Postdienst für alle»;Initiative populaire «Services postaux pour tous»;.
26.09.2004;Bundesgesetz über die Erwerbsersatzordnung für Dienstleistende in Armee, Zivildienst und Zivilschutz (Erwerbsersatzgesetz, EOG);Modification de la loi fédérale sur le régime des allocations pour perte de gain en faveur des personnes servant dans l’armée, dans le service civil ou dans la protection civile (Loi sur les allocations pour perte de gain, LAPG);Mutterschaftsversicherung
28.11.2004;Bundesbeschluss zur Neugestaltung des Finanzausgleichs und der Aufgabenteilung zwischen Bund und Kantonen (NFA);Arrêté fédéral concernant la réforme de la péréquation financière et de la répartition des tâches entre la Confédération et les cantons (RPT);.
28.11.2004;Bundesbeschluss über eine neue Finanzordnung;Arrêté fédéral sur un nouveau régime financier;.
28.11.2004;Bundesgesetz über die Forschung an embryonalen Stammzellen;Loi fédérale relative à la recherche sur les cellules souches embryonnaires;.
05.06.2005;Bundesbeschluss über die Genehmigung und die Umsetzung der bilateralen Abkommen zwischen der Schweiz und der EU über die Assoziierung an Schengen und Dublin;Arrêté fédéral portant approbation et mise en oeuvre des accords bilatéraux d'association à l'Espace Schengen et à l'Espace Dublin;Teil der Bilateralen Abkommen II
05.06.2005;Bundesgesetz über die eingetragene Partnerschaft gleichgeschlechtlicher Paare (Partnerschaftsgesetz, PartG);Loi fédérale sur le partenariat enregistré entre personnes du même sexe (Loi sur le partenariat);.
25.09.2005;Bundesbeschluss über die Genehmigung und Umsetzung des Protokolls über die Ausdehnung des Freizügigkeitsabkommens auf die neuen EG-Mitgliedstaaten zwischen der Schweizerischen Eidgenossenschaft einerseits und der Europäischen Gemeinschaft und ihren Mitgliedstaaten andererseits sowie über die Genehmigung der Revision der flankierenden Massnahmen zur Personenfreizügigkeit;Arrêté fédéral portant approbation et mise en œuvre du protocole relatif à l’extension de l’accord entre la Confédération suisse, d’une part, et la Communauté européenne et ses Etats membres, d’autre part, sur la libre circulation des personnes aux nouveaux Etats membres de la Communauté européenne et portant approbation de la révision des mesures d'accompagnement concernant la libre circulation des personnes;.
27.11.2005;Volksinitiative «für Lebensmittel aus gentechnikfreier Landwirtschaft»;Initiative populaire «pour des aliments produits sans manipulations génétiques»;Gentechfrei-Initiative, Gentech-Moratorium
27.11.2005;Bundesgesetz über die Arbeit in Industrie, Gewerbe und Handel (Arbeitsgesetz);Modification de la loi fédérale sur le travail dans l'industrie, l'artisanat et le commerce (Loi sur le travail);.
21.05.2006;Bundesbeschluss über die Neuordnung der Verfassungsbestimmungen zur Bildung;Arrêté fédéral modifiant les articles de la Constitution sur la formation;.
24.09.2006;Volksinitiative «Nationalbankgewinne für die AHV»;Initiative populaire «Bénéfices de la Banque nationale pour l'AVS»;KOSA-Initiative
24.09.2006;Bundesgesetz über die Ausländerinnen und Ausländer;Loi fédérale sur les étrangers (LEtr);.
24.09.2006;Änderung des Asylgesetzes;Modification de la loi sur l'asile (LAsi);.
26.11.2006;Bundesgesetz über die Zusammenarbeit mit den Staaten Osteuropas;Loi fédérale sur la coopération avec les Etats d'Europe de l'Est;Kohäsionsmilliarde
26.11.2006;Bundesgesetz über die Familienzulagen;Loi fédérale sur les allocations familiales (LAFam);.
11.03.2007;Volksinitiative «Für eine soziale Einheitskrankenkasse»;Initiative populaire «Pour une caisse maladie unique et sociale»;.
17.06.2007;Änderung des Bundesgesetzes über die Invalidenversicherung;Modification de la loi fédérale sur l'assurance-invalidité (LAI);.
24.02.2008;Volksinitiative «Gegen Kampfjetlärm in Tourismusgebieten»;Initiative populaire «Contre le bruit des avions de combat à réaction dans les zones touristiques»;.
24.02.2008;Bundesgesetz über die Verbesserung der steuerlichen Rahmenbedingungen für unternehmerische Tätigkeiten und Investitionen (Unternehmenssteuerreformgesetz II);Loi fédérale sur l’amélioration des conditions fiscales applicables aux activités entrepreneuriales et aux investissements (loi sur la réforme de l’imposition des entreprises II);USR 2
01.06.2008;Volksinitiative «Für demokratische Einbürgerungen»;Initiative populaire «Pour des naturalisations démocratiques»;.
01.06.2008;Volksinitiative «Volkssouveränität statt Behördenpropaganda»;Initiative populaire «Souveraineté du peuple sans propagande gouvernementale»;Maulkorbinitiative
01.06.2008;Verfassungsartikel «Für Qualität und Wirtschaftlichkeit in der Krankenversicherung»;Article constitutionnel «Qualité et efficacité économique dans l'assurance-maladie»;Gegenentwurf zur zurückgezogenen Volksinitiative «Für tiefere Krankenkassenprämien in der Grundversicherung»
30.11.2008;Volksinitiative «für die Unverjährbarkeit pornografischer Straftaten an Kindern»;Initiative populaire «Pour l'imprescriptibilité des actes de pornographie enfantine»;Unverjährbarkeitsinitiative
30.11.2008;Volksinitiative «für ein flexibles AHV-Alter»;Initiative populaire «Pour un âge de l'AVS flexible»;.
30.11.2008;Volksinitiative «Verbandsbeschwerderecht: Schluss mit der Verhinderungspolitik – Mehr Wachstum für die Schweiz!»;Initiative populaire «Droit de recours des organisations: Assez d'obstructionnisme – Plus de croissance pour la Suisse!»;.
30.11.2008;Volksinitiative «für eine vernünftige Hanf-Politik mit wirksamem Jugendschutz»;Initiative populaire «pour une politique raisonnable en matière de chanvre protégeant efficacement la jeunesse»;Hanf-Initiative
30.11.2008;Änderung des Bundesgesetzes über die Betäubungsmittel und die psychotropen Stoffe (Betäubungsmittelgesetz, BetmG);Modification de la loi fédérale sur les stupéfiants et les substances psychotropes (loi sur les stupéfiants, LStup);.
08.02.2009;Bundesbeschluss über die Genehmigung der Weiterführung des Freizügigkeitsabkommens zwischen der Schweiz und der Europäischen Gemeinschaft sowie über die Genehmigung des Protokolls über die Ausdehnung des Abkommens auf Bulgarien und Rumänien;Arrêté fédéral portant approbation de la reconduction de l’accord entre la Suisse et la Communauté européenne et ses Etats membres sur la libre circulation des personnes, ainsi qu’approbation et mise en œuvre du protocole visant à étendre l’accord sur la libre circulation à la Bulgarie et à la Roumanie;.
17.05.2009;Verfassungsartikel «Zukunft mit Komplementärmedizin»;Article constitutionnel «Pour la prise en compte des médecines complémentaires»;Gegenentwurf zur zurückgezogenen Volksinitiative «Ja zur Komplementärmedizin»
17.05.2009;Bundesbeschluss über die Genehmigung und die Umsetzung des Notenaustauschs zwischen der Schweiz und der Europäischen Gemeinschaft betreffend die Übernahme der Verordnung (EG) Nr. 2252/2004 über biometrische Pässe und Reisedokumente (Weiterentwicklung des Schengen-Besitzstands);Arrêté fédéral portant approbation et mise en œuvre de l’échange de notes entre la Suisse et la Communauté européenne concernant la reprise du Règlement (CE) 2252/2004 relatif aux passeports biométriques et aux documents de voyage (Développement de l’Acquis de Schengen);.
27.09.2009;Bundesbeschluss über eine befristete Zusatzfinanzierung der Invalidenversicherung durch Anhebung der Mehrwertsteuersätze;Arrêté fédéral relatif au financement additionnel de l'AI par un relèvement temporaire des taux de la TVA;.
27.09.2009;Bundesbeschluss über den Verzicht auf die Einführung der allgemeinen Volksinitiative;Arrêté fédéral portant suppression de l'initiative populaire générale;.
29.11.2009;Bundesbeschluss zur Schaffung einer Spezialfinanzierung für Aufgaben im Luftverkehr;Arrêté fédéral sur la création d'un financement spécial en faveur de tâches dans le domaine du trafic aérien;.
29.11.2009;Volksinitiative «Für ein Verbot von Kriegsmaterial-Exporten»;Initiative populaire «Pour l'interdiction d'exporter du matériel de guerre»;.
29.11.2009;Volksinitiative «Gegen den Bau von Minaretten»;Initiative populaire «Contre la construction de minarets»;Minarett-Initiative
07.03.2010;Bundesbeschluss zu einem Verfassungsartikel über die Forschung am Menschen;Arrêté fédéral relatif à un article constitutionnel concernant la recherche sur l’être humain;.
07.03.2010;Volksinitiative «Gegen Tierquälerei und für einen besseren Rechtsschutz der Tiere (Tierschutzanwalt-Initiative)»;Initiative populaire «Contre les mauvais traitements envers les animaux et pour une meilleure protection juridique de ces derniers (Initiative pour l’institution d’un avocat de la protection des animaux)»;.
07.03.2010;Änderung des Bundesgesetzes über die berufliche Alters-, Hinterlassenen- und Invalidenvorsorge (BVG) (Mindestumwandlungssatz);Modification de la loi fédérale sur la prévoyance professionnelle vieillesse, survivants et invalidité (LPP) (Taux de conversion minimal);.
26.09.2010;Änderung des Bundesgesetzes über die obligatorische Arbeitslosenversicherung und die Insolvenzentschädigung (Arbeitslosenversicherungsgesetz, AVIG);Modification de la loi fédérale sur l’assurance-chômage obligatoire et l’indemnité en cas d’insolvabilité (loi sur l’assurance-chômage, LACI);.
28.11.2010;Volksinitiative «Für die Ausschaffung krimineller Ausländer (Ausschaffungsinitiative)»;Initiative populaire «Pour le renvoi des étrangers criminels (Initiative sur le renvoi)»;.
28.11.2010;Bundesbeschluss über die Aus- und Wegweisung krimineller Ausländerinnen und Ausländer (direkter Gegenentwurf zur Auschaffungsinitiative);Arrêté fédéral concernant l'expulsion et le renvoi des criminels étrangers dans le respect de la Constitution (contre-projet à l'initiative sur le renvoi);.
28.11.2010;Stichfrage zur Volksinitiative «Für die Ausschaffung krimineller Ausländer (Ausschaffungsinitiative)» und zum Gegenentwurf dazu (Bundesbeschluss über die Aus- und Wegweisung krimineller Ausländerinnen und Ausländer);Question subsidiaire sur l'initiative «Pour le renvoi des étrangers criminels (Initiative sur le renvoi)» et le contre-projet («Arrêté fédéral concernant l'expulsion et le renvoi des criminels étrangers dans le respect de la Constitution»);.
28.11.2010;Volksinitiative «Für faire Steuern. Stopp dem Missbrauch beim Steuerwettbewerb (Steuergerechtigkeits-Initiative)»;Initiative populaire «Pour des impôts équitables. Stop aux abus de la concurrence fiscale (Initiative pour des impôts équitables)»;.
13.02.2011;Volksinitiative «Für den Schutz vor Waffengewalt»;Initiative populaire «Pour la protection face à la violence des armes»;.
11.03.2012;Volksinitiative «Schluss mit uferlosem Bau von Zweitwohnungen!»;Initiative populaire «Pour en finir avec les constructions envahissantes de résidences secondaires»;.
11.03.2012;Volksinitiative «Für ein steuerlich begünstigtes Bausparen zum Erwerb von selbst genutztem Wohneigentum und zur Finanzierung von baulichen Energiespar- und Umweltschutzmassnahmen (Bauspar-Initiative)»;Initiative populaire «pour un traitement fiscal privilégié de l’épargne-logement destinée à l’acquisition d’une habitation à usage personnel ou au financement de travaux visant à économiser l’énergie ou à préserver l’environnement (initiative sur l’épargne-logement)»;.
11.03.2012;Volksinitiative «6 Wochen Ferien für alle»;Initiative populaire «6 semaines de vacances pour tous»;.
11.03.2012;Bundesbeschluss über die Regelung der Geldspiele zugunsten gemeinnütziger Zwecke;Arrêté fédéral concernant la réglementation des jeux d'argent en faveur de l'utilité publique;.
11.03.2012;Bundesgesetz über die Buchpreisbindung;Loi fédérale sur la réglementation du prix du livre (LPL);.
17.06.2012;Volksinitiative «Eigene vier Wände dank Bausparen»;Initiative populaire «Accéder à la propriété grâce à l'épargne-logement»;.
17.06.2012;Volksinitiative «Für die Stärkung der Volksrechte in der Aussenpolitik (Staatsverträge vors Volk!)»;Initiative populaire «Pour le renforcement des droits populaires dans la politique étrangère (accords internationaux: la parole au peuple!)»;.
17.06.2012;Änderung des Bundesgesetzes über die Krankenversicherung (Managed Care);Modification de la loi fédérale sur l’assurance-maladie (LAMal) (Réseaux de soins);.
23.09.2012;Bundesbeschluss über die Jugendmusikförderung;Arrêté fédéral sur la promotion de la formation musicale des jeunes;Gegenentwurf zur zurückgezogenen Volksinitiative «jugend + musik»
23.09.2012;Volksinitiative «Sicheres Wohnen im Alter»;Initiative populaire «Sécurité du logement à la retraite»;.
23.09.2012;Volksinitiative «Schutz vor Passivrauchen»;Initiative populaire «Protection contre le tabagisme passif»;.
25.11.2012;Änderung des Tierseuchengesetzes (TSG);Modification de la loi sur les épizooties (LFE);.
03.03.2013;Bundesbeschluss über die Familienpolitik;Arrêté fédéral sur la politique familiale;.
03.03.2013;Volksinitiative «gegen die Abzockerei»;Initiative populaire «contre les rémunérations abusives»;Abzockerinitiative, Minder-Initiative
03.03.2013;Änderung des Bundesgesetzes über die Raumplanung (Raumplanungsgesetz, RPG);Modification de la loi fédérale sur l’aménagement du territoire (Loi sur l’aménagement du territoire, LAT);.
09.06.2013;Volksinitiative «Volkswahl des Bundesrates»;Initiative populaire «Election du Conseil fédéral par le peuple»;.
09.06.2013;Änderung des Asylgesetzes (AsylG) (Dringliche Änderungen des Asylgesetzes);Loi sur l'asile (LAsi) (Modifications urgentes de la loi sur l'asile);.
22.09.2013;Volksinitiative «Ja zur Aufhebung der Wehrpflicht»;Initiative populaire «Oui à l'abrogation du service militaire obligatoire»;.
22.09.2013;Bundesgesetz über die Bekämpfung übertragbarer Krankheiten des Menschen (Epidemiengesetz, EpG);Loi fédérale sur la lutte contre les maladies transmissibles de l'homme (Loi sur les épidémies, LEp);.
22.09.2013;Änderung des Bundesgesetzes über die Arbeit in Industrie, Gewerbe und Handel (Arbeitsgesetz, ArG);Modification de la loi fédérale sur le travail dans l'industrie, l'artisanat et le commerce (Loi sur le travail, LTr);.
24.11.2013;Volksinitiative «1:12 - Für gerechte Löhne»;Initiative populaire «1:12 – Pour des salaires équitables»;.
24.11.2013;Volksinitiative «Familieninitiative: Steuerabzüge auch für Eltern, die ihre Kinder selber betreuen»;Initiative populaire «Initiative pour les familles: déductions fiscales aussi pour les parents qui gardent eux-mêmes leurs enfants»;.
24.11.2013;Änderung des Bundesgesetzes über die Abgabe für die Benützung von Nationalstrassen (Nationalstrassenabgabegesetz, NSAG);Modification de la loi fédérale concernant la redevance pour l'utilisation des routes nationales (Loi sur la vignette autoroutière, LVA);.
09.02.2014;Bundesbeschluss über die Finanzierung und den Ausbau der Eisenbahninfrastruktur;Arrêté fédéral portant règlement du financement et de l'aménagement de l'infrastructure ferroviaire;FABI-Vorlage
09.02.2014;Volksinitiative «Abtreibungsfinanzierung ist Privatsache – Entlastung der Krankenversicherung durch Streichung der Kosten des Schwangerschaftsabbruchs aus der obligatorischen Grundversicherung»;Initiative populaire «Financer l'avortement est une affaire privée – Alléger l'assurance-maladie en radiant les coûts de l'interruption de grossesse de l'assurance de base»;.
09.02.2014;Volksinitiative «Gegen Masseneinwanderung»;Initiative populaire «Contre l'immigration de masse»;MEI
18.05.2014;Bundesbeschluss über die medizinische Grundversorgung;Arrêté fédéral concernant les soins médicaux de base;.
18.05.2014;Volksinitiative «Pädophile sollen nicht mehr mit Kindern arbeiten dürfen»;Initiative populaire «Pour que les pédophiles ne travaillent plus avec des enfants»;Pädophilen-Initiative
18.05.2014;Volksinitiative «Für den Schutz fairer Löhne (Mindestlohn-Initiative)»;Initiative populaire «Pour la protection de salaires équitables (Initiative sur les salaires minimums)»;.
18.05.2014;Bundesgesetz über den Fonds zur Beschaffung des Kampfflugzeugs Gripen (Gripen-Fonds-Gesetz);Loi fédérale sur le fonds d'acquisition de l'avion de combat Gripen (Loi sur le fonds Gripen);.
28.09.2014;Volksinitiative «Schluss mit der MwSt-Diskriminierung des Gastgewerbes!»;Initiative populaire «Stop à la TVA discriminatoire pour la restauration!»;.
28.09.2014;Volksinitiative «Für eine öffentliche Krankenkasse»;Initiative populaire «Pour une caisse publique d'assurance-maladie»;.
30.11.2014;Volksinitiative «Schluss mit den Steuerprivilegien für Millionäre (Abschaffung der Pauschalbesteuerung)»;Initiative populaire «Halte aux privilèges fiscaux des millionnaires (abolition des forfaits fiscaux)»;.
30.11.2014;Volksinitiative «Stopp der Überbevölkerung – zur Sicherung der natürlichen Lebensgrundlagen»;Initiative populaire «Halte à la surpopulation – Oui à la préservation durable des ressources naturelles»;Ecopop-Initiative
30.11.2014;Volksinitiative «Rettet unser Schweizer Gold (Gold-Initiative)»;Initiative populaire «Sauvez l'or de la Suisse (Initiative sur l'or)»;.
08.03.2015;Volksinitiative «Familien stärken! Steuerfreie Kinder- und Ausbildungszulagen»;Initiative populaire «Aider les familles! Pour des allocations pour enfant et des allocations de formation professionnelle exonérées de l'impôt»;.
08.03.2015;Volksinitiative  «Energie- statt Mehrwertsteuer» ;Initiative populaire «Remplacer la taxe sur la valeur ajoutée par une taxe sur l'énergie»;.
14.06.2015;Bundesbeschluss über die Änderung der Verfassungsbestimmung zur Fortpflanzungsmedizin und Gentechnologie im Humanbereich;Arrêté fédéral concernant la modification de l'article constitutionnel relatif à la procréation médicalement assistée et au génie génétique dans le domaine humain;Präimplantationsdiagnostik (PID)
14.06.2015;Volksinitiative «Stipendieninitiative»;Initiative populaire «Initiative sur les bourses d'études»;.
14.06.2015;Volksinitiative «Millionen-Erbschaften besteuern für unsere AHV (Erbschaftssteuerreform)»;Initiative populaire «Imposer les successions de plusieurs millions pour financer notre AVS (Réforme de la fiscalité successorale)»;.
14.06.2015;Änderung des Bundesgesetzes über Radio und Fernsehen (RTVG);Modification de la loi fédérale sur la radio et la télévision (LRTV);.
28.02.2016;Volksinitiative «Für Ehe und Familie – gegen die Heiratsstrafe»;Initiative populaire «Pour le couple et la famille – Non à la pénalisation du mariage»;.
28.02.2016;Volksinitiative «Zur Durchsetzung der Ausschaffung krimineller Ausländer (Durchsetzungsinitiative)»;Initiative populaire «Pour le renvoi effectif des étrangers criminels (initiative de mise en oeuvre)»;.
28.02.2016;Volksinitiative «Keine Spekulation mit Nahrungsmitteln!»;Initiative populaire «Pas de spéculation sur les denrées alimentaires»;Spekulationsstopp-Initiative
28.02.2016;Änderung des Bundesgesetzes über den Strassentransitverkehr im Alpengebiet (STVG) (Sanierung Gotthard-Strassentunnel);Modification de la loi fédérale sur le transit routier dans la région alpine (LTRA) (Réfection du tunnel routier du Gothard);Zweite Gotthardröhre
05.06.2016;Volksinitiative «Pro Service public»;Initiative populaire «En faveur du service public»;.
05.06.2016;Volksinitiative «Für ein bedingungsloses Grundeinkommen»;Initiative populaire «Pour un revenu de base inconditionnel»;.
05.06.2016;Volksinitiative «Für eine faire Verkehrsfinanzierung»;Initiative populaire «Pour un financement équitable des transports»;Milchkuh-Initiative
05.06.2016;Änderung des Bundesgesetzes über die medizinisch unterstützte Fortpflanzung (Fortpflanzungsmedizingesetz, FMedG);Modification de la loi fédérale sur la procréation médicalement assistée (LPMA);Präimplantationsdiagnostik (PID)
05.06.2016;Änderung des Asylgesetzes (AsylG);Modification de la loi sur l'asile (LAsi);.
25.09.2016;Volksinitiative «Für eine nachhaltige und ressourceneffiziente Wirtschaft (Grüne Wirtschaft)»;Initiative populaire «Pour une économie durable et fondée sur une gestion efficiente des ressources (économie verte)»;.
25.09.2016;Volksinitiative «AHVplus: für eine starke AHV»;Initiative populaire «AVSplus: pour une AVS forte»;.
25.09.2016;Bundesgesetz über den Nachrichtendienst (Nachrichtendienstgesetz, NDG);Loi fédérale sur le renseignement (Lrens);.
27.11.2016;Volksinitiative «Für den geordneten Ausstieg aus der Atomenergie (Atomausstiegsinitiative)»;Initiative populaire «Pour la sortie programmée de l'énergie nucléaire (Initiative «Sortir du nucléaire»)»;.
12.02.2017;Bundesbeschluss über die erleichterte Einbürgerung von Personen der dritten Ausländergeneration;Arrêté fédéral concernant la naturalisation facilitée des étrangers de la troisième génération;.
12.02.2017;Bundesbeschluss über die Schaffung eines Fonds für die Nationalstrassen und den Agglomerationsverkehr;Arrêté fédéral sur la création d'un fonds pour les routes nationales et pour le trafic d'agglomération;.
12.02.2017;Bundesgesetz über steuerliche Massnahmen zur Stärkung der Wettbewerbsfähigkeit des Unternehmensstandorts Schweiz (Unternehmenssteuerreformgesetz III);Loi fédérale sur l'amélioration des conditions fiscales en vue de renforcer la compétitivité du site entrepreneurial suisse (Loi sur la réforme de l'imposition des entreprises III);USR 3
21.05.2017;Energiegesetz (EnG);Loi sur l'énergie (LEne);Energiestrategie 2050, erstes Massnahmenpaket
24.09.2017;Bundesbeschluss über die Ernährungssicherheit;Arrêté fédéral sur la sécurité alimentaire;.
24.09.2017;Bundesbeschluss über die Zusatzfinanzierung der AHV durch eine Erhöhung der Mehrwertsteuer;Arrêté fédéral sur le financement additionnel de l'AVS par le biais d'un relèvement de la taxe sur la valeur ajoutée;
24.09.2017;Bundesgesetz über die Reform der Altersvorsorge 2020;Loi fédérale sur la réforme de la prévoyance vieillesse 2020;.
04.03.2018;Bundesbeschluss über die neue Finanzordnung 2021;Arrêté fédéral concernant le nouveau régime financier 2021;.
04.03.2018;Volksinitiative «Ja zur Abschaffung der Radio- und Fernsehgebühren (Abschaffung der Billag-Gebühren)»;Initiative populaire «Oui à la suppression des redevances radio et télévision (suppression des redevances Billag)»;NoBillag-Initiative
10.06.2018;Volksinitiative «Für krisensicheres Geld: Geldschöpfung allein durch die Nationalbank! (Vollgeld-Initiative)»;Initiative populaire «Pour une monnaie à l'abri des crises: émission monétaire uniquement par la Banque nationale! (Initiative Monnaie pleine)»;.
10.06.2018;Bundesgesetz über Geldspiele (Geldspielgesetz);Loi fédérale sur les jeux d'argent (LJAr);.
23.09.2018;Bundesbeschluss über die Velowege sowie die Fuss- und Wanderwege;Arrêté fédéral concernant les voies cyclables et les chemins et sentiers pédestres;.
23.09.2018;Volksinitiative «Für gesunde sowie umweltfreundlich und fair hergestellte Lebensmittel (Fair-Food-Initiative)»;Initiative populaire «Pour des denrées alimentaires saines et produites dans des conditions équitables et écologiques (initiative pour des aliments équitables)»;.
23.09.2018;Volksinitiative «Für Ernährungssouveränität. Die Landwirtschaft betrifft uns alle»;Initiative populaire «Pour la souveraineté alimentaire. L'agriculture nous concerne toutes et tous»;.
25.11.2018;Volksinitiative «Für die Würde der landwirtschaftlichen Nutztiere (Hornkuh-Initiative)»;Initiative populaire «Pour la dignité des animaux de rente agricoles (initiative pour les vaches à cornes)»;.
25.11.2018;Volksinitiative «Schweizer Recht statt fremde Richter (Selbstbestimmungsinitiative)»;Initiative populaire «Le droit suisse au lieu de juges étrangers (initiative pour l’autodétermination)»;SBI
25.11.2018;Änderung des Bundesgesetzes über den Allgemeinen Teil des Sozialversicherungsrechts (ATSG) (Gesetzliche Grundlage für die Überwachung von Versicherten);Modification de la loi fédérale sur la partie générale du droit des assurances sociales (LPGA) (Base légale pour la surveillance des assurés);«Versicherungsspione»
10.02.2019;Volksinitiative «Zersiedelung stoppen – für eine nachhaltige Siedlungsentwicklung (Zersiedelungsinitiative)»;Initiative populaire «Stopper le mitage – pour un développement durable du milieu bâti (initiative contre le mitage)»;.
19.05.2019;Bundesgesetz über die Steuerreform und die AHV-Finanzierung (STAF);Loi fédérale relative à la réforme fiscale et au financement de l’AVS (RFFA);.
19.05.2019;Bundesbeschluss über die Genehmigung und die Umsetzung des Notenaustauschs zwischen der Schweiz und der EU betreffend die Übernahme der Richtlinie (EU) 2017/853 zur Änderung der EU-Waffenrichtlinie (Weiterentwicklung des Schengen-Besitzstands);Arrêté fédéral portant approbation et mise en oeuvre de l'échange de notes entre la Suisse et l'UE concernant la reprise de la directive (UE) 2017/853 modifiant la directive de l'UE sur les armes (Développement de l'acquis de Schengen);.
09.02.2020;Volksinitiative «Mehr bezahlbare Wohnungen»;Initiative populaire «Davantage de logements abordables»;Wohn-Initiative
09.02.2020;Strafgesetzbuch und Militärstrafgesetz (Diskriminierung und Aufruf zu Hass aufgrund der sexuellen Orientierung);Code pénal et code pénal militaire (Discrimination et incitation à la haine en raison de l’orientation sexuelle);.
27.09.2020;Volksinitiative «Für eine massvolle Zuwanderung (Begrenzungsinitiative)»;Initiative populaire «Pour une immigration modérée (initiative de limitation)»;«Kündigungsinitiative»
27.09.2020;Änderung des Bundesgesetzes über die Jagd und den Schutz wildlebender Säugetiere und Vögel (Jagdgesetz, JSG);Modification de la loi fédérale sur la chasse et la protection des mammifères et oiseaux sauvages (Loi sur la chasse, LChP);.
27.09.2020;Änderung des Bundesgesetzes über die direkte Bundessteuer (DBG) (Steuerliche Berücksichtigung der Kinderdrittbetreuungskosten);Modification de la loi fédérale sur l’impôt direct (LIFD) (Déduction fiscale des frais de garde des enfants par des tiers);.
27.09.2020;Änderung des Bundesgesetzes über den Erwerbsersatz für Dienstleistende und bei Mutterschaft (indirekter Gegenvorschlag zur Volksinitiative «Für einen vernünftigen Vaterschaftsurlaub – zum Nutzen der ganzen Familie»);Modification de la loi fédérale sur les allocations pour perte de gain en cas de service et de maternité (contre-projet indirect à l’initiative populaire «Pour un congé de paternité raisonnable – en faveur de toute la famille»);.
27.09.2020;Bundesbeschluss über die Beschaffung neuer Kampfflugzeuge;Arrêté fédéral relatif à l’acquisition de nouveaux avions de combat;.
29.11.2020;Volksinitiative «Für verantwortungsvolle Unternehmen – zum Schutz von Mensch und Umwelt»;Initiative populaire «Entreprises responsables – pour protéger l’être humain et l’environnement»;«Unternehmens-Verantwortungs-Initiative»
29.11.2020;Volksinitiative «Für ein Verbot der Finanzierung von Kriegsmaterialproduzenten»;Initiative populaire «Pour une interdiction du financement des producteurs de matériel de guerre»;.
07.03.2021;Volksinitiative «Ja zum Verhüllungsverbot»;Initiative populaire «Oui à l’interdiction de se dissimuler le visage»;«Burka-Initiative»
07.03.2021;Bundesgesetz über elektronische Identifizierungsdienste (E-ID-Gesetz, BGEID);Loi fédérale sur les services d’identification électronique (LSIE);.
07.03.2021;Bundesbeschluss über die Genehmigung des Umfassenden Wirtschaftspartnerschaftsabkommens zwischen den EFTA-Staaten und Indonesien;Arrêté fédéral portant approbation de l’Accord de partenariat économique de large portée entre les États de l’AELE et l’Indonésie;«Palmöl-Referendum»
13.06.2021;Volksinitiative «Für sauberes Trinkwasser und gesunde Nahrung – Keine Subventionen für den Pestizid- und den prophylaktischen Antibiotika-Einsatz»;Initiative populaire «Pour une eau potable propre et une alimentation saine – Pas de subventions pour l’utilisation de pesticides et l’utilisation d’antibiotiques à titre prophylactique»;.
13.06.2021;Volksinitiative «Für eine Schweiz ohne synthetische Pestizide»;Initiative populaire «Pour une Suisse libre de pesticides de synthèse»;.
13.06.2021;Bundesgesetz über die gesetzlichen Grundlagen für Verordnungen des Bundesrates zur Bewältigung der Covid-19-Epidemie (Covid-19-Gesetz);Loi fédérale sur les bases légales des ordonnances du Conseil fédéral visant à surmonter l’épidémie de COVID-19 (Loi COVID-19);.
13.06.2021;Bundesgesetz über die Verminderung von Treibhausgasemissionen (CO2-Gesetz);Loi fédérale sur la réduction des émissions de gaz à effet de serre (Loi sur le CO2);.
13.06.2021;Bundesgesetz über polizeiliche Massnahmen zur Bekämpfung von Terrorismus (PMT);Loi fédérale sur les mesures policières de lutte contre le terrorisme (MPT);.
26.09.2021;Volksinitiative «Löhne entlasten, Kapital gerecht besteuern»;Initiative populaire «Alléger les impôts sur les salaires, imposer équitablement le capital»;.
26.09.2021;Änderung des Schweizerischen Zivilgesetzbuches (Ehe für alle);Modification du code civil suisse (Mariage pour tous);.
28.11.2021;Volksinitiative «Für eine starke Pflege (Pflegeinitiative)»;Initiative populaire «Pour des soins infirmiers forts (initiative sur les soins infirmiers)»;.
28.11.2021;Volksinitiative «Bestimmung der Bundesrichterinnen und Bundesrichter im Losverfahren (Justiz-Initiative)»;Initiative populaire «Désignation des juges fédéraux par tirage au sort (initiative sur la justice)»;.
28.11.2021;Änderung vom 19. März 2021 des Bundesgesetzes über die gesetzlichen Grundlagen für Verordnungen des Bundesrates zur Bewältigung der Covid-19-Epidemie (Covid-19-Gesetz) (Härtefälle, Arbeitslosenversicherung, familienergänzende Kinderbetreuung, Kulturschaffende, Veranstaltungen);Modification du 19 mars 2021 de la loi fédérale sur les bases légales des ordonnances du Conseil fédéral visant à surmonter l’épidémie de COVID-19) (Loi COVID-19) (Cas de rigueur, assurance-chômage, accueil extra-familial pour enfants, acteurs culturels, manifestations);.
13.02.2022;Volksinitiative «Ja zum Tier- und Menschenversuchsverbot – Ja zu Forschungswegen mit Impulsen für Sicherheit und Fortschritt»;Initiative populaire «Oui à l'interdiction de l'expérimentation animale et humaine - Oui aux approches de recherche qui favorisent la sécurité et le progrès»;.
13.02.2022;Volksinitiative «Ja zum Schutz der Kinder und Jugendlichen vor Tabakwerbung (Kinder und Jugendliche ohne Tabakwerbung)»;Initiative populaire «Oui à la protection des enfants et des jeunes contre la publicité pour le tabac (enfants et jeunes sans publicité pour le tabac)»;.
13.02.2022;Änderung des Bundesgesetzes über die Stempelabgaben (StG);Modification de la loi fédérale sur les droits de timbre (LT);Stempelsteuer
13.02.2022;Bundesgesetz über ein Massnahmenpaket zugunsten der Medien;Loi fédérale sur un train de mesures en faveur des médias;.
15.05.2022;Änderung des Bundesgesetzes über Filmproduktion und Filmkultur (Filmgesetz, FiG);Modification de la loi fédérale sur la culture et la production cinématographiques (Loi sur le cinéma, LCin);«Lex Netflix»
15.05.2022;Änderung des Bundesgesetzes über die Transplantation von Organen, Geweben und Zellen (Transplantationsgesetz);Modification de la loi fédérale sur la transplantation d'organes, de tissus et de cellules (Loi sur la transplantation);.
15.05.2022;Bundesbeschluss über die Genehmigung und die Umsetzung des Notenaustausches zwischen der Schweiz und der EU betreffend die Übernahme der Verordnung (EU) 2019/1896 über die Europäische Grenz- und Küstenwache und zur Aufhebung der Verordnungen (EU) Nr. 1052/2013 und (EU) 2016/1624 (Weiterentwicklung des Schengen-Besitzstands);Arrêté fédéral portant approbation et mise en œuvre de l'échange de notes entre la Suisse et l'Union européenne concernant la reprise du règlement (UE) 2019/1896 relatif au corps européen de garde-frontières et de garde-côtes et abrogeant les règlements (UE) no 1052/2013 et (UE) 2016/1624 (Développement de l'acquis de Schengen);.
25.09.2022;Volksinitiative «Keine Massentierhaltung in der Schweiz (Massentierhaltungsinitiative)»;Initiative populaire «Non à l’élevage intensif en Suisse (initiative sur l’élevage intensif)»;.
25.09.2022;Bundesbeschluss über die Zusatzfinanzierung der AHV durch eine Erhöhung der Mehrwertsteuer;Arrêté fédéral sur le financement additionnel de l’AVS par le biais d’un relèvement de la TVA;.
25.09.2022;Änderung des Bundesgesetzes über die Alters- und Hinterlassenenversicherung (AHVG) (AHV 21);Modification de la loi fédérale sur l’assurance-vieillesse et survivants (LAVS) (AVS 21);Frauenrentenalter 65
25.09.2022;Änderung des Bundesgesetzes über die Verrechnungssteuer (Verrechnungssteuergesetz, VStG) (Stärkung des Fremdkapitalmarkts);Modification de la loi fédérale sur l’impôt anticipé (LIA) (Renforcement du marché des capitaux de tiers);.
18.06.2023;Bundesbeschluss über eine besondere Besteuerung grosser Unternehmensgruppen (Umsetzung des OECD/G20-Projekts zur Besteuerung grosser Unternehmensgruppen);Arrêté fédéral sur une imposition particulière des grands groupes d’entreprises (Mise en œuvre du projet conjoint de l’OCDE et du G20 sur l’imposition des grands groupes d’entreprises);.
18.06.2023;Bundesgesetz über die Ziele im Klimaschutz, die Innovation und die Stärkung der Energiesicherheit (KlG);Loi fédérale sur les objectifs en matière de protection du climat, sur l’innovation et sur le renforcement de la sécurité énergétique;Klimaschutzgesetz, «Stromfressergesetz»
18.06.2023;Änderung vom 16. Dezember 2022 des Bundesgesetzes über die gesetzlichen Grundlagen für Verordnungen des Bundesrates zur Bewältigung der Covid-19-Epidemie (Covid-19-Gesetz);Modification du 16 décembre 2022 de la loi fédérale sur les bases légales des ordonnances du Conseil fédéral visant à surmonter l’épidémie de COVID-19 (Loi COVID-19);.
03.03.2024;Volksinitiative «Für ein besseres Leben im Alter (Initiative für eine 13. AHV-Rente)»;Initiative populaire «Mieux vivre à la retraite (initiative pour une 13e rente AVS)»;.
03.03.2024;Volksinitiative «Für eine sichere und nachhaltige Altersvorsorge (Renteninitiative)»;Initiative populaire «Pour une prévoyance vieillesse sûre et pérenne (initiative sur les rentes)»;Rentenalter
09.06.2024;Volksinitiative «Maximal 10 % des Einkommens für die Krankenkassenprämien (Prämien-Entlastungs-Initiative)»;Initiative populaire «Maximum 10 % du revenu pour les primes d’assurance-maladie (initiative d’allègement des primes)»;.
09.06.2024;Volksinitiative «Für tiefere Prämien – Kostenbremse im Gesundheitswesen (Kostenbremse-Initiative)»;Initiative populaire «Pour des primes plus basses. Frein aux coûts dans le système de santé (initiative pour un frein aux coûts)»;.
09.06.2024;Volksinitiative «Für Freiheit und körperliche Unversehrtheit»;Initiative populaire «Pour la liberté et l’intégrité physique»;.
09.06.2024;Bundesgesetz über eine sichere Stromversorgung mit erneuerbaren Energien (Änderung des Energiegesetzes und des Stromversorgungsgesetzes);Loi fédérale relative à un approvisionnement en électricité sûr reposant sur des énergies renouvelables (modification de la loi sur l’énergie et de la loi sur l’approvisionnement en électricité);.
22.09.2024;Volksinitiative «Für die Zukunft unserer Natur und Landschaft (Biodiversitätsinitiative)»;Initiative populaire «Pour l’avenir de notre nature et de notre paysage (Initiative biodiversité)»;.
22.09.2024;Änderung des Bundesgesetzes über die berufliche Alters-, Hinterlassenen- und Invalidenvorsorge (BVG) (Reform der beruflichen Vorsorge);Modification de la loi fédérale sur la prévoyance professionnelle vieillesse, survivants et invalidité (LPP) (Réforme de la prévoyance professionnelle);BVG 21
24.11.2024;Bundesbeschluss über den Ausbauschritt 2023 für die Nationalstrassen;Arrêté fédéral sur l’étape d’aménagement 2023 des routes nationales;.
24.11.2024;Änderung des Obligationenrechts (Mietrecht: Untermiete);Modification du code des obligations (droit du bail: sous-location);.
24.11.2024;Änderung des Obligationenrechts (Mietrecht: Kündigung wegen Eigenbedarfs);Modification du code des obligations (droit du bail: résiliation pour besoin propre);.
24.11.2024;Änderung des Bundesgesetzes über die Krankenversicherung (KVG) (Einheitliche Finanzierung der Leistungen);Modification de la loi fédérale sur l’assurance-maladie (LAMal) (financement uniforme des prestations);.
09.02.2025;Volksinitiative «Für eine verantwortungsvolle Wirtschaft innerhalb der planetaren Grenzen (Umweltverantwortungsinitiative)»;Initiative populaire «Pour une économie responsable respectant les limites planétaires (initiative pour la responsabilité environnementale)»;.
28.09.2025;Bundesbeschluss über die kantonalen Liegenschaftssteuern auf Zweitliegenschaften;Arrêté fédéral relatif à l’impôt immobilier cantonal sur les résidences secondaires;Eigenmietwert, Zweitwohnungen
28.09.2025;Bundesgesetz über den elektronischen Identitätsnachweis und andere elektronische Nachweise (E-ID-Gesetz, BGEID);Loi fédérale sur l’identité électronique et d’autres moyens de preuves électroniques (Loi sur l’e-ID, LeID);.
30.11.2025;Volksinitiative «Für eine engagierte Schweiz (Service-citoyen-Initiative)»;Initiative populaire «Pour une suisse qui s’engage (initiative service citoyen)»;.
30.11.2025;Volksinitiative «Für eine soziale Klimapolitik – steuerlich gerecht finanziert (Initiative für eine Zukunft)»;Initiative populaire «Pour une politique climatique sociale financée de manière juste fiscalement (initiative pour l’avenir)»;Erbschaftssteuer
08.03.2026;Volksinitiative «Ja zu einer unabhängigen, freien Schweizer Währung mit Münzen oder Banknoten (Bargeld ist Freiheit)»;Initiative populaire « Oui à une monnaie suisse libre et indépendante sous forme de pièces ou de billets (l’argent liquide, c’est la liberté) »;.
08.03.2026;Bundesbeschluss über die schweizerische Währung und die Bargeldversorgung;Arrêté fédéral sur la monnaie suisse et l’approvisionnement en numéraire;Gegenentwurf zur Bargeld-Initiative
08.03.2026;Stichfrage zur Volksinitiative «Ja zu einer unabhängigen, freien Schweizer Währung mit Münzen oder Banknoten (Bargeld ist Freiheit)» und zum Gegenentwurf dazu (Bundesbeschluss über die schweizerische Währung und die Bargeldversorgung);Question subsidiaire sur l'initiative « Oui à une monnaie suisse libre et indépendante sous forme de pièces ou de billets (l’argent liquide, c’est la liberté) » et le contre-projet (arrêté fédéral sur la monnaie suisse et l’approvisionnement en numéraire);.
08.03.2026;Volksinitiative «200 Franken sind genug! (SRG-Initiative)»;Initiative populaire « 200 francs, ça suffit ! (initiative SSR) »;«Halbierungsinitiative»
08.03.2026;Volksinitiative «Für eine gerechte Energie- und Klimapolitik: Investieren für Wohlstand, Arbeit und Umwelt (Klimafonds-Initiative)»;Initiative populaire « Pour une politique énergétique et climatique équitable : investir pour la prospérité, le travail et l’environnement (initiative pour un fonds climat) »;.
08.03.2026;Bundesgesetz über die Individualbesteuerung;Loi fédérale sur l’imposition individuelle;.
14.06.2026;Volksinitiative «Keine 10-Millionen-Schweiz! (Nachhaltigkeitsinitiative)»;Initiative populaire « Pas de Suisse à 10 millions ! (initiative pour la durabilité) »;«Zehn-Millionen-Initiative», «Chaos-Initiative»
14.06.2026;Änderung des Bundesgesetzes über den zivilen Ersatzdienst (Zivildienstgesetz, ZDG);Modification de la loi fédérale sur le service civil (LSC);.
27.09.2026;Volksinitiative «Wahrung der schweizerischen Neutralität (Neutralitätsinitiative)»;Initiative populaire « Sauvegarder la neutralité suisse (initiative sur la neutralité) »;.
27.09.2026;Volksinitiative «Für eine sichere Ernährung – durch Stärkung einer nachhaltigen inländischen Produktion, mehr pflanzliche Lebensmittel und sauberes Trinkwasser (Ernährungsinitiative)»;Initiative populaire « Pour une alimentation sûre – grâce au renforcement de la protection indigène durable, à davantage de denrées alimentaires végétales et à une eau potable propre (initiative sur l’alimentation) »;.
29.11.2026;Bundesbeschluss über die Zusatzfinanzierung der AHV durch eine Erhöhung der Mehrwertsteuer;Arrêté fédéral sur le financement additionnel de l’AVS par le biais d’un relèvement de la TVA;Teilfinanzierung der 13. AHV-Rente
29.11.2026;Volksinitiative «Für eine Einschränkung von Feuerwerk»; Initiative populaire « Pour une limitation des feux d’artifice »;.
29.11.2026;Volksinitiative «Ja zu fairen Bundessteuern auch für Ehepaare – Diskriminierung der Ehe endlich abschaffen!»; Initiative populaire « Oui à des impôts fédéraux équitables pour les couples mariés – Pour enfin en finir avec la discrimination du mariage ! »;Abschaffung der Heiratsstrafe
29.11.2026;Änderung des Bundesgesetzes über das Kriegsmaterial (Kriegsmaterialgesetz, KMG);Modification de la loi fédérale sur le matériel de guerre (LFMG);.
